// Generated by tools/make_font.py - do not edit.
//
// DejaVu Sans, rasterised at the sizes the port asks for, one
// bit per pixel with packed rows, MSB first.  See
// THIRD_PARTY_LICENSES/dejavu.md for the font's licence.
#pragma once

#include <cstdint>

namespace shim {
namespace font {

constexpr int kFirstChar = 0x20;
constexpr int kLastChar  = 0x7E;
constexpr int kGlyphCount = kLastChar - kFirstChar + 1;

struct Glyph {
    int16_t advance;   // pen movement, in pixels
    int16_t width;     // bitmap width; zero for a blank
    int16_t height;
    int16_t top;       // rows below the line's top edge
    uint32_t offset;   // into kBits
};

struct Face {
    int16_t size;      // the pixel height it was asked for
    int16_t ascent;
    int16_t descent;
    const Glyph * glyphs;
};

inline constexpr uint8_t kBits[] = {
    0x80, 0x80, 0x80, 0x80, 0x80, 0x00, 0x80, 0xA0, 0xA0, 0x28, 0x28, 0xFC, 0x28, 0xFC, 0x50, 0x50, 0x20, 0x78, 0xA0, 0xE0, 0x38, 0x28, 0xF0, 0x20,
    0xE4, 0xA4, 0xA8, 0xFF, 0x15, 0x25, 0x27, 0x30, 0x48, 0x40, 0x64, 0x94, 0x98, 0x6C, 0x80, 0x80, 0x40, 0x80, 0x80, 0x80, 0x80, 0x80, 0x80, 0x40,
    0x80, 0x80, 0x40, 0x40, 0x40, 0x40, 0x80, 0x80, 0xA8, 0x70, 0x70, 0xA8, 0x20, 0x20, 0xF8, 0x20, 0x20, 0x80, 0x80, 0xC0, 0x80, 0x20, 0x20, 0x40,
    0x40, 0x40, 0x80, 0x80, 0x60, 0x90, 0x90, 0x90, 0x90, 0x90, 0x60, 0xC0, 0x40, 0x40, 0x40, 0x40, 0x40, 0xE0, 0x60, 0x90, 0x10, 0x20, 0x40, 0x80,
    0xF0, 0x60, 0x90, 0x10, 0x60, 0x10, 0x10, 0xE0, 0x10, 0x30, 0x50, 0x50, 0x90, 0xF8, 0x10, 0xF0, 0x80, 0x80, 0xE0, 0x10, 0x10, 0xE0, 0x70, 0xC0,
    0x80, 0xE0, 0x90, 0x90, 0x60, 0xF0, 0x10, 0x20, 0x20, 0x20, 0x40, 0x40, 0x60, 0x90, 0x90, 0x60, 0x90, 0x90, 0x60, 0x60, 0x90, 0x90, 0xF0, 0x10,
    0x30, 0xE0, 0x80, 0x00, 0x00, 0x00, 0x80, 0x80, 0x00, 0x00, 0x00, 0x80, 0x80, 0x04, 0x38, 0xC0, 0x38, 0x04, 0xFC, 0x00, 0xFC, 0x80, 0x70, 0x0C,
    0x70, 0x80, 0xF0, 0x10, 0x20, 0x40, 0x40, 0x00, 0x40, 0x3C, 0x42, 0x9D, 0xA5, 0xA5, 0x9E, 0x44, 0x38, 0x30, 0x30, 0x48, 0x48, 0x78, 0x84, 0x84,
    0xF0, 0x88, 0x88, 0xF0, 0x88, 0x88, 0xF0, 0x70, 0xC8, 0x80, 0x80, 0x80, 0xC0, 0x78, 0xF0, 0x98, 0x88, 0x88, 0x88, 0x98, 0xF0, 0xF0, 0x80, 0x80,
    0xF0, 0x80, 0x80, 0xF0, 0xF0, 0x80, 0x80, 0xF0, 0x80, 0x80, 0x80, 0x70, 0xC8, 0x80, 0x98, 0x88, 0xC8, 0x70, 0x88, 0x88, 0x88, 0xF8, 0x88, 0x88,
    0x88, 0x80, 0x80, 0x80, 0x80, 0x80, 0x80, 0x80, 0x40, 0x40, 0x40, 0x40, 0x40, 0x40, 0x40, 0x40, 0x80, 0x88, 0x90, 0xA0, 0xC0, 0xA0, 0x90, 0x88,
    0x80, 0x80, 0x80, 0x80, 0x80, 0x80, 0xF0, 0x84, 0xCC, 0xCC, 0xB4, 0xB4, 0x84, 0x84, 0x88, 0xC8, 0xC8, 0xA8, 0x98, 0x98, 0x88, 0x70, 0xD8, 0x88,
    0x88, 0x88, 0xD8, 0x70, 0xE0, 0x90, 0x90, 0xE0, 0x80, 0x80, 0x80, 0x70, 0xD8, 0x88, 0x88, 0x88, 0xD8, 0x70, 0x10, 0xF0, 0x90, 0x90, 0xE0, 0xA0,
    0x90, 0x88, 0x70, 0x88, 0x80, 0x70, 0x08, 0x88, 0x70, 0xF8, 0x20, 0x20, 0x20, 0x20, 0x20, 0x20, 0x88, 0x88, 0x88, 0x88, 0x88, 0x88, 0x70, 0x84,
    0x84, 0x48, 0x48, 0x48, 0x30, 0x30, 0x92, 0x92, 0x54, 0x54, 0x6C, 0x28, 0x28, 0xCC, 0x48, 0x30, 0x30, 0x30, 0x48, 0x8C, 0x88, 0x50, 0x50, 0x20,
    0x20, 0x20, 0x20, 0xF8, 0x08, 0x10, 0x20, 0x40, 0x80, 0xF8, 0xC0, 0x80, 0x80, 0x80, 0x80, 0x80, 0x80, 0xC0, 0x80, 0x80, 0x40, 0x40, 0x40, 0x20,
    0x20, 0xC0, 0x40, 0x40, 0x40, 0x40, 0x40, 0x40, 0xC0, 0x60, 0x90, 0xF8, 0x80, 0x40, 0x70, 0x10, 0xF0, 0x90, 0xF0, 0x80, 0x80, 0x80, 0xE0, 0x90,
    0x90, 0x90, 0xE0, 0x70, 0x80, 0x80, 0x80, 0x70, 0x10, 0x10, 0x10, 0x70, 0x90, 0x90, 0x90, 0x70, 0x60, 0x90, 0xF0, 0x80, 0x70, 0x70, 0x40, 0x40,
    0xE0, 0x40, 0x40, 0x40, 0x40, 0x70, 0x90, 0x90, 0x90, 0x70, 0x10, 0x60, 0x80, 0x80, 0x80, 0xF0, 0x90, 0x90, 0x90, 0x90, 0x80, 0x00, 0x80, 0x80,
    0x80, 0x80, 0x80, 0x40, 0x00, 0x40, 0x40, 0x40, 0x40, 0x40, 0x40, 0xC0, 0x80, 0x80, 0x80, 0x90, 0xA0, 0xC0, 0xA0, 0x90, 0x80, 0x80, 0x80, 0x80,
    0x80, 0x80, 0x80, 0x80, 0xFE, 0x92, 0x92, 0x92, 0x92, 0xF0, 0x90, 0x90, 0x90, 0x90, 0x60, 0x90, 0x90, 0x90, 0x60, 0xE0, 0x90, 0x90, 0x90, 0xE0,
    0x80, 0x80, 0x70, 0x90, 0x90, 0x90, 0x70, 0x10, 0x10, 0xE0, 0x80, 0x80, 0x80, 0x80, 0xE0, 0x80, 0x60, 0x20, 0xE0, 0x40, 0xF0, 0x40, 0x40, 0x40,
    0x70, 0x90, 0x90, 0x90, 0x90, 0xF0, 0x88, 0x88, 0x50, 0x50, 0x20, 0x92, 0xAA, 0xAA, 0x44, 0x44, 0x88, 0x50, 0x20, 0x50, 0x88, 0x88, 0x88, 0x50,
    0x50, 0x20, 0x20, 0xC0, 0xF0, 0x10, 0x20, 0x40, 0xF0, 0x60, 0x40, 0x40, 0x80, 0x40, 0x40, 0x40, 0x60, 0x80, 0x80, 0x80, 0x80, 0x80, 0x80, 0x80,
    0x80, 0x80, 0xC0, 0x40, 0x40, 0x20, 0x40, 0x40, 0x40, 0xC0, 0x64, 0x98, 0x80, 0x80, 0x80, 0x80, 0x80, 0x00, 0x80, 0xA0, 0xA0, 0xA0, 0x24, 0x24,
    0x7E, 0x28, 0xFC, 0x48, 0x48, 0x20, 0x78, 0xA0, 0xE0, 0x38, 0x28, 0xF0, 0x20, 0xE4, 0xA4, 0xA8, 0xFF, 0x15, 0x25, 0x27, 0x30, 0x48, 0x40, 0xB2,
    0x8A, 0xCC, 0x72, 0x80, 0x80, 0x80, 0x40, 0x80, 0x80, 0x80, 0x80, 0x80, 0x80, 0x80, 0x40, 0x80, 0x80, 0x40, 0x40, 0x40, 0x40, 0x40, 0x80, 0x80,
    0xA8, 0x70, 0x70, 0xA8, 0x10, 0x10, 0x10, 0xFE, 0x10, 0x10, 0x10, 0x80, 0x80, 0xE0, 0x80, 0x20, 0x20, 0x40, 0x40, 0x40, 0x40, 0x80, 0x80, 0x70,
    0x88, 0x88, 0x88, 0x88, 0x88, 0x70, 0xE0, 0x20, 0x20, 0x20, 0x20, 0x20, 0xF8, 0x70, 0x88, 0x08, 0x10, 0x20, 0x40, 0xF8, 0x70, 0x88, 0x08, 0x70,
    0x08, 0x88, 0x70, 0x10, 0x30, 0x50, 0x90, 0xF8, 0x10, 0x10, 0xF0, 0x80, 0xF0, 0x08, 0x08, 0x08, 0xF0, 0x78, 0xC0, 0x80, 0xF0, 0x88, 0x88, 0x70,
    0xF8, 0x08, 0x10, 0x10, 0x20, 0x20, 0x40, 0x70, 0x88, 0x88, 0x70, 0x88, 0x88, 0x70, 0x70, 0x88, 0x88, 0x78, 0x08, 0x18, 0xF0, 0x80, 0x00, 0x00,
    0x00, 0x80, 0x80, 0x00, 0x00, 0x00, 0x80, 0x80, 0x04, 0x38, 0xC0, 0x38, 0x04, 0xFC, 0x00, 0xFC, 0x80, 0x70, 0x0C, 0x70, 0x80, 0xF0, 0x10, 0x20,
    0x40, 0x40, 0x00, 0x40, 0x3E, 0x00, 0x61, 0x00, 0xC0, 0x80, 0x9C, 0x80, 0x95, 0x80, 0x9F, 0x00, 0xC0, 0x00, 0x62, 0x00, 0x3C, 0x00, 0x10, 0x28,
    0x28, 0x44, 0x7C, 0x44, 0x82, 0xF0, 0x88, 0x88, 0xF0, 0x88, 0x88, 0xF0, 0x38, 0x44, 0x80, 0x80, 0x80, 0x44, 0x38, 0xF8, 0x8C, 0x84, 0x84, 0x84,
    0x8C, 0xF8, 0xF8, 0x80, 0x80, 0xF8, 0x80, 0x80, 0xF8, 0xF0, 0x80, 0x80, 0xF0, 0x80, 0x80, 0x80, 0x78, 0xC4, 0x80, 0x9C, 0x84, 0xC4, 0x78, 0x84,
    0x84, 0x84, 0xFC, 0x84, 0x84, 0x84, 0x80, 0x80, 0x80, 0x80, 0x80, 0x80, 0x80, 0x20, 0x20, 0x20, 0x20, 0x20, 0x20, 0x20, 0x20, 0xC0, 0x88, 0x90,
    0xA0, 0xC0, 0xA0, 0x90, 0x88, 0x80, 0x80, 0x80, 0x80, 0x80, 0x80, 0xF8, 0x82, 0xC6, 0xC6, 0xAA, 0xAA, 0x92, 0x82, 0x84, 0xC4, 0xA4, 0xA4, 0x94,
    0x8C, 0x84, 0x78, 0xCC, 0x84, 0x84, 0x84, 0xCC, 0x78, 0xF0, 0x88, 0x88, 0xF0, 0x80, 0x80, 0x80, 0x78, 0xCC, 0x84, 0x84, 0x84, 0xC8, 0x70, 0x08,
    0xF0, 0x88, 0x88, 0xF0, 0x90, 0x88, 0x84, 0x70, 0x88, 0x80, 0x70, 0x08, 0x88, 0x70, 0xF8, 0x20, 0x20, 0x20, 0x20, 0x20, 0x20, 0x84, 0x84, 0x84,
    0x84, 0x84, 0x84, 0x78, 0x82, 0x82, 0x44, 0x44, 0x28, 0x28, 0x10, 0x88, 0x80, 0x88, 0x80, 0x55, 0x00, 0x55, 0x00, 0x55, 0x00, 0x22, 0x00, 0x22,
    0x00, 0xCC, 0x48, 0x30, 0x30, 0x30, 0x48, 0xCC, 0x82, 0x44, 0x28, 0x10, 0x10, 0x10, 0x10, 0xFC, 0x08, 0x10, 0x30, 0x20, 0x40, 0xFC, 0xC0, 0x80,
    0x80, 0x80, 0x80, 0x80, 0x80, 0x80, 0xC0, 0x80, 0x80, 0x40, 0x40, 0x40, 0x40, 0x20, 0x20, 0xC0, 0x40, 0x40, 0x40, 0x40, 0x40, 0x40, 0x40, 0xC0,
    0x30, 0x48, 0x84, 0xF8, 0x80, 0x40, 0x70, 0x08, 0x78, 0x88, 0xF8, 0x80, 0x80, 0x80, 0xF0, 0x88, 0x88, 0x88, 0xF0, 0x70, 0x80, 0x80, 0x80, 0x70,
    0x08, 0x08, 0x08, 0x78, 0x88, 0x88, 0x88, 0x78, 0x70, 0x88, 0xF8, 0x80, 0x78, 0x70, 0x40, 0x40, 0xE0, 0x40, 0x40, 0x40, 0x40, 0x78, 0x88, 0x88,
    0x88, 0x78, 0x08, 0x70, 0x80, 0x80, 0x80, 0xF0, 0x88, 0x88, 0x88, 0x88, 0x80, 0x00, 0x00, 0x80, 0x80, 0x80, 0x80, 0x80, 0x40, 0x00, 0x00, 0x40,
    0x40, 0x40, 0x40, 0x40, 0x40, 0xC0, 0x80, 0x80, 0x80, 0x90, 0xA0, 0xC0, 0xA0, 0x90, 0x80, 0x80, 0x80, 0x80, 0x80, 0x80, 0x80, 0x80, 0xF7, 0x00,
    0x88, 0x80, 0x88, 0x80, 0x88, 0x80, 0x88, 0x80, 0xF0, 0x88, 0x88, 0x88, 0x88, 0x70, 0x88, 0x88, 0x88, 0x70, 0xF0, 0x88, 0x88, 0x88, 0xF0, 0x80,
    0x80, 0x78, 0x88, 0x88, 0x88, 0x78, 0x08, 0x08, 0xE0, 0x80, 0x80, 0x80, 0x80, 0xF0, 0x80, 0x70, 0x10, 0xF0, 0x40, 0x40, 0xF0, 0x40, 0x40, 0x40,
    0x70, 0x88, 0x88, 0x88, 0x88, 0x78, 0x88, 0x88, 0x50, 0x50, 0x20, 0x92, 0xAA, 0xAA, 0x44, 0x44, 0x88, 0x50, 0x20, 0x50, 0x88, 0x88, 0x88, 0x50,
    0x50, 0x20, 0x20, 0xC0, 0xF0, 0x10, 0x20, 0x40, 0xF0, 0x30, 0x20, 0x20, 0x20, 0xC0, 0x20, 0x20, 0x20, 0x30, 0x80, 0x80, 0x80, 0x80, 0x80, 0x80,
    0x80, 0x80, 0x80, 0x80, 0xC0, 0x40, 0x40, 0x40, 0x30, 0x40, 0x40, 0x40, 0xC0, 0x64, 0x98, 0x80, 0x80, 0x80, 0x80, 0x80, 0x80, 0x00, 0x80, 0xA0,
    0xA0, 0xA0, 0x12, 0x14, 0x7F, 0x24, 0x24, 0xFE, 0x28, 0x48, 0x20, 0x78, 0xA0, 0xA0, 0x70, 0x28, 0x28, 0xF0, 0x20, 0x20, 0x62, 0x00, 0x94, 0x00,
    0x94, 0x00, 0x68, 0x00, 0x0B, 0x00, 0x14, 0x80, 0x14, 0x80, 0x23, 0x00, 0x30, 0x48, 0x40, 0x60, 0x91, 0x8A, 0xC4, 0x7B, 0x80, 0x80, 0x80, 0x40,
    0x80, 0x80, 0x80, 0x80, 0x80, 0x80, 0x80, 0x80, 0x40, 0x80, 0x80, 0x40, 0x40, 0x40, 0x40, 0x40, 0x40, 0x80, 0x80, 0x20, 0xA8, 0x70, 0x70, 0xA8,
    0x20, 0x10, 0x10, 0x10, 0xFE, 0x10, 0x10, 0x10, 0x80, 0x80, 0xE0, 0x80, 0x10, 0x30, 0x20, 0x20, 0x60, 0x40, 0x40, 0xC0, 0x80, 0x70, 0xD8, 0x88,
    0x88, 0x88, 0x88, 0xD8, 0x70, 0xE0, 0x20, 0x20, 0x20, 0x20, 0x20, 0x20, 0xF8, 0x70, 0x88, 0x08, 0x08, 0x10, 0x20, 0x40, 0xF8, 0x70, 0x88, 0x08,
    0x70, 0x08, 0x08, 0x88, 0x70, 0x08, 0x18, 0x28, 0x48, 0x88, 0xFC, 0x08, 0x08, 0xF0, 0x80, 0x80, 0xF0, 0x08, 0x08, 0x08, 0xF0, 0x38, 0x40, 0x80,
    0xF0, 0x88, 0x88, 0x88, 0x70, 0xF8, 0x08, 0x10, 0x10, 0x20, 0x20, 0x20, 0x40, 0x70, 0x88, 0x88, 0x70, 0x88, 0x88, 0x88, 0x70, 0x70, 0x88, 0x88,
    0x88, 0x78, 0x08, 0x10, 0xE0, 0x80, 0x00, 0x00, 0x00, 0x00, 0x80, 0x80, 0x00, 0x00, 0x00, 0x00, 0x80, 0x80, 0x02, 0x1C, 0xE0, 0xE0, 0x1C, 0x02,
    0xFE, 0x00, 0xFE, 0x80, 0x70, 0x0E, 0x0E, 0x70, 0x80, 0xE0, 0x10, 0x30, 0x60, 0x40, 0x40, 0x00, 0x40, 0x1F, 0x00, 0x61, 0x80, 0x40, 0x40, 0x8E,
    0x40, 0x92, 0x40, 0x92, 0xC0, 0x8F, 0x00, 0x40, 0x00, 0x61, 0x00, 0x1E, 0x00, 0x10, 0x28, 0x28, 0x28, 0x44, 0x7C, 0x44, 0x82, 0xF8, 0x84, 0x84,
    0xF8, 0x84, 0x84, 0x84, 0xF8, 0x38, 0x44, 0x80, 0x80, 0x80, 0x80, 0x44, 0x38, 0xF0, 0x88, 0x84, 0x84, 0x84, 0x84, 0x88, 0xF0, 0xF8, 0x80, 0x80,
    0xF8, 0x80, 0x80, 0x80, 0xF8, 0xF8, 0x80, 0x80, 0xF8, 0x80, 0x80, 0x80, 0x80, 0x3C, 0x42, 0x80, 0x80, 0x8E, 0x82, 0x42, 0x3C, 0x84, 0x84, 0x84,
    0xFC, 0x84, 0x84, 0x84, 0x84, 0x80, 0x80, 0x80, 0x80, 0x80, 0x80, 0x80, 0x80, 0x20, 0x20, 0x20, 0x20, 0x20, 0x20, 0x20, 0x20, 0x20, 0xC0, 0x88,
    0x90, 0xA0, 0xC0, 0xA0, 0x90, 0x88, 0x84, 0x80, 0x80, 0x80, 0x80, 0x80, 0x80, 0x80, 0xF8, 0x82, 0xC6, 0xC6, 0xAA, 0xAA, 0x92, 0x82, 0x82, 0xC4,
    0xC4, 0xA4, 0xA4, 0x94, 0x94, 0x8C, 0x8C, 0x38, 0x44, 0x82, 0x82, 0x82, 0x82, 0x44, 0x38, 0xF0, 0x88, 0x88, 0x88, 0xF0, 0x80, 0x80, 0x80, 0x38,
    0x44, 0x82, 0x82, 0x82, 0x82, 0x44, 0x38, 0x0C, 0xF0, 0x88, 0x88, 0x88, 0xF0, 0x90, 0x88, 0x84, 0x78, 0x84, 0x80, 0xF0, 0x0C, 0x04, 0x84, 0x78,
    0xFE, 0x10, 0x10, 0x10, 0x10, 0x10, 0x10, 0x10, 0x84, 0x84, 0x84, 0x84, 0x84, 0x84, 0xCC, 0x78, 0x82, 0x82, 0x44, 0x44, 0x28, 0x28, 0x10, 0x10,
    0x88, 0x80, 0x88, 0x80, 0x49, 0x00, 0x55, 0x00, 0x55, 0x00, 0x55, 0x00, 0x22, 0x00, 0x22, 0x00, 0xC6, 0x44, 0x28, 0x10, 0x10, 0x28, 0x44, 0xC6,
    0x82, 0x44, 0x28, 0x10, 0x10, 0x10, 0x10, 0x10, 0xFE, 0x04, 0x08, 0x10, 0x10, 0x20, 0x40, 0xFE, 0xC0, 0x80, 0x80, 0x80, 0x80, 0x80, 0x80, 0x80,
    0x80, 0xC0, 0x80, 0xC0, 0x40, 0x40, 0x60, 0x20, 0x20, 0x30, 0x10, 0xC0, 0x40, 0x40, 0x40, 0x40, 0x40, 0x40, 0x40, 0x40, 0xC0, 0x38, 0x6C, 0xC6,
    0xFC, 0x80, 0x40, 0x70, 0x08, 0x78, 0x88, 0x88, 0x78, 0x80, 0x80, 0x80, 0xF0, 0x88, 0x88, 0x88, 0x88, 0xF0, 0x70, 0x80, 0x80, 0x80, 0x80, 0x70,
    0x08, 0x08, 0x08, 0x78, 0x88, 0x88, 0x88, 0x88, 0x78, 0x70, 0x88, 0xF8, 0x80, 0xC8, 0x70, 0x30, 0x40, 0x40, 0xF0, 0x40, 0x40, 0x40, 0x40, 0x40,
    0x78, 0x88, 0x88, 0x88, 0x88, 0x78, 0x08, 0x70, 0x80, 0x80, 0x80, 0xF0, 0x88, 0x88, 0x88, 0x88, 0x88, 0x80, 0x00, 0x80, 0x80, 0x80, 0x80, 0x80,
    0x80, 0x40, 0x00, 0x40, 0x40, 0x40, 0x40, 0x40, 0x40, 0x40, 0xC0, 0x80, 0x80, 0x80, 0x90, 0xA0, 0xC0, 0xA0, 0x90, 0x88, 0x80, 0x80, 0x80, 0x80,
    0x80, 0x80, 0x80, 0x80, 0x80, 0xF7, 0x00, 0x88, 0x80, 0x88, 0x80, 0x88, 0x80, 0x88, 0x80, 0x88, 0x80, 0xF0, 0x88, 0x88, 0x88, 0x88, 0x88, 0x70,
    0x88, 0x88, 0x88, 0x88, 0x70, 0xF0, 0x88, 0x88, 0x88, 0x88, 0xF0, 0x80, 0x80, 0x78, 0x88, 0x88, 0x88, 0x88, 0x78, 0x08, 0x08, 0xB0, 0xC0, 0x80,
    0x80, 0x80, 0x80, 0x70, 0x88, 0xE0, 0x18, 0x88, 0x70, 0x40, 0x40, 0xF0, 0x40, 0x40, 0x40, 0x40, 0x70, 0x88, 0x88, 0x88, 0x88, 0x88, 0x78, 0x84,
    0x84, 0x48, 0x48, 0x30, 0x30, 0x92, 0x92, 0xAA, 0xAA, 0x44, 0x44, 0x84, 0x48, 0x30, 0x30, 0x48, 0x84, 0x84, 0x84, 0x48, 0x48, 0x30, 0x30, 0x20,
    0xC0, 0xF8, 0x08, 0x10, 0x20, 0x40, 0xF8, 0x38, 0x20, 0x20, 0x20, 0xC0, 0x20, 0x20, 0x20, 0x20, 0x38, 0x80, 0x80, 0x80, 0x80, 0x80, 0x80, 0x80,
    0x80, 0x80, 0x80, 0x80, 0xE0, 0x20, 0x20, 0x20, 0x18, 0x20, 0x20, 0x20, 0x20, 0xE0, 0x72, 0x9C, 0x80, 0x80, 0x80, 0x80, 0x80, 0x80, 0x00, 0x80,
    0x80, 0xA0, 0xA0, 0xA0, 0x12, 0x14, 0x7F, 0x24, 0x24, 0xFE, 0x28, 0x48, 0x20, 0x70, 0xA8, 0xA0, 0xE0, 0x38, 0x28, 0xA8, 0x70, 0x20, 0x20, 0x61,
    0x00, 0x92, 0x00, 0x92, 0x00, 0x94, 0x00, 0x6D, 0x80, 0x0A, 0x40, 0x12, 0x40, 0x12, 0x40, 0x21, 0x80, 0x30, 0x48, 0x40, 0x60, 0x51, 0x89, 0x86,
    0xC4, 0x7B, 0x80, 0x80, 0x80, 0x60, 0x40, 0x40, 0x80, 0x80, 0x80, 0x80, 0x80, 0x40, 0x40, 0x60, 0xC0, 0x40, 0x40, 0x20, 0x20, 0x20, 0x20, 0x20,
    0x40, 0x40, 0xC0, 0x20, 0xA8, 0x70, 0x70, 0xA8, 0x20, 0x10, 0x10, 0x10, 0xFE, 0x10, 0x10, 0x10, 0x80, 0x80, 0x80, 0xE0, 0x80, 0x80, 0x10, 0x10,
    0x20, 0x20, 0x20, 0x40, 0x40, 0x40, 0x80, 0x80, 0x78, 0x48, 0x84, 0x84, 0x84, 0x84, 0x84, 0x48, 0x78, 0xE0, 0x20, 0x20, 0x20, 0x20, 0x20, 0x20,
    0x20, 0xF8, 0x78, 0x8C, 0x04, 0x04, 0x08, 0x10, 0x20, 0x40, 0xFC, 0x78, 0x84, 0x04, 0x04, 0x38, 0x04, 0x04, 0x84, 0x78, 0x18, 0x18, 0x28, 0x48,
    0x48, 0x88, 0xFC, 0x08, 0x08, 0xF8, 0x80, 0x80, 0xF8, 0x0C, 0x04, 0x04, 0x8C, 0x78, 0x38, 0x44, 0x80, 0xB8, 0xCC, 0x84, 0x84, 0x4C, 0x78, 0xFC,
    0x04, 0x08, 0x08, 0x10, 0x10, 0x20, 0x20, 0x40, 0x78, 0x84, 0x84, 0x84, 0x78, 0x84, 0x84, 0x84, 0x78, 0x78, 0xC8, 0x84, 0x84, 0xCC, 0x74, 0x04,
    0x88, 0x70, 0x80, 0x80, 0x00, 0x00, 0x80, 0x80, 0x80, 0x80, 0x00, 0x00, 0x80, 0x80, 0x80, 0x03, 0x1E, 0xE0, 0xE0, 0x1E, 0x03, 0xFF, 0x00, 0xFF,
    0xC0, 0x78, 0x07, 0x07, 0x78, 0xC0, 0x70, 0x88, 0x08, 0x10, 0x20, 0x20, 0x00, 0x20, 0x20, 0x1F, 0x00, 0x20, 0xC0, 0x40, 0x40, 0x8F, 0x20, 0x91,
    0x20, 0x91, 0x20, 0x91, 0x40, 0x8F, 0x80, 0x40, 0x00, 0x20, 0x80, 0x1F, 0x00, 0x18, 0x18, 0x24, 0x24, 0x24, 0x42, 0x7E, 0x42, 0x81, 0xF8, 0x84,
    0x84, 0x84, 0xF8, 0x84, 0x84, 0x84, 0xF8, 0x38, 0x44, 0x80, 0x80, 0x80, 0x80, 0x80, 0x44, 0x38, 0xF8, 0x84, 0x82, 0x82, 0x82, 0x82, 0x82, 0x84,
    0xF8, 0xFC, 0x80, 0x80, 0x80, 0xFC, 0x80, 0x80, 0x80, 0xFC, 0xF8, 0x80, 0x80, 0x80, 0xF8, 0x80, 0x80, 0x80, 0x80, 0x3C, 0x42, 0x80, 0x80, 0x8E,
    0x82, 0x82, 0x42, 0x3C, 0x82, 0x82, 0x82, 0x82, 0xFE, 0x82, 0x82, 0x82, 0x82, 0x80, 0x80, 0x80, 0x80, 0x80, 0x80, 0x80, 0x80, 0x80, 0x20, 0x20,
    0x20, 0x20, 0x20, 0x20, 0x20, 0x20, 0x20, 0x20, 0xC0, 0x84, 0x88, 0x90, 0xA0, 0xC0, 0xA0, 0x90, 0x88, 0x84, 0x80, 0x80, 0x80, 0x80, 0x80, 0x80,
    0x80, 0x80, 0xF8, 0x81, 0xC3, 0xC3, 0xA5, 0xA5, 0x99, 0x99, 0x81, 0x81, 0xC2, 0xC2, 0xA2, 0xA2, 0x92, 0x8A, 0x8A, 0x86, 0x86, 0x38, 0x44, 0x82,
    0x82, 0x82, 0x82, 0x82, 0x44, 0x38, 0xF8, 0x84, 0x84, 0x84, 0xF8, 0x80, 0x80, 0x80, 0x80, 0x38, 0x44, 0x82, 0x82, 0x82, 0x82, 0x82, 0x44, 0x38,
    0x08, 0x04, 0xF8, 0x84, 0x84, 0x84, 0xF8, 0x88, 0x84, 0x84, 0x82, 0x78, 0x84, 0x80, 0x80, 0x78, 0x04, 0x04, 0x84, 0x78, 0xFE, 0x10, 0x10, 0x10,
    0x10, 0x10, 0x10, 0x10, 0x10, 0x82, 0x82, 0x82, 0x82, 0x82, 0x82, 0x82, 0xC6, 0x7C, 0x81, 0x81, 0x42, 0x42, 0x42, 0x24, 0x24, 0x18, 0x18, 0x84,
    0x20, 0x44, 0x40, 0x44, 0x40, 0x4A, 0x40, 0x2A, 0x80, 0x2A, 0x80, 0x2A, 0x80, 0x11, 0x00, 0x11, 0x00, 0xC6, 0x44, 0x28, 0x28, 0x10, 0x28, 0x28,
    0x44, 0x82, 0x82, 0x44, 0x44, 0x28, 0x28, 0x10, 0x10, 0x10, 0x10, 0xFE, 0x02, 0x04, 0x08, 0x10, 0x20, 0x40, 0x80, 0xFE, 0xC0, 0x80, 0x80, 0x80,
    0x80, 0x80, 0x80, 0x80, 0x80, 0x80, 0xC0, 0x80, 0x80, 0x40, 0x40, 0x40, 0x20, 0x20, 0x20, 0x10, 0x10, 0xC0, 0x40, 0x40, 0x40, 0x40, 0x40, 0x40,
    0x40, 0x40, 0x40, 0xC0, 0x30, 0x48, 0x84, 0xFC, 0x80, 0x40, 0x78, 0x84, 0x04, 0x7C, 0x84, 0x8C, 0x74, 0x80, 0x80, 0x80, 0xF8, 0xCC, 0x84, 0x84,
    0x84, 0xCC, 0xF8, 0x70, 0xC8, 0x80, 0x80, 0x80, 0xC8, 0x70, 0x04, 0x04, 0x04, 0x7C, 0xCC, 0x84, 0x84, 0x84, 0xCC, 0x7C, 0x78, 0xCC, 0x84, 0xFC,
    0x80, 0xC4, 0x78, 0x30, 0x40, 0x40, 0xF0, 0x40, 0x40, 0x40, 0x40, 0x40, 0x40, 0x7C, 0xCC, 0x84, 0x84, 0x84, 0xCC, 0x7C, 0x04, 0x4C, 0x38, 0x80,
    0x80, 0x80, 0xB8, 0xC4, 0x84, 0x84, 0x84, 0x84, 0x84, 0x80, 0x00, 0x80, 0x80, 0x80, 0x80, 0x80, 0x80, 0x80, 0x40, 0x00, 0x40, 0x40, 0x40, 0x40,
    0x40, 0x40, 0x40, 0x40, 0x40, 0xC0, 0x80, 0x80, 0x80, 0x88, 0x90, 0xA0, 0xC0, 0xA0, 0x90, 0x88, 0x80, 0x80, 0x80, 0x80, 0x80, 0x80, 0x80, 0x80,
    0x80, 0x80, 0xF7, 0x00, 0x88, 0x80, 0x88, 0x80, 0x88, 0x80, 0x88, 0x80, 0x88, 0x80, 0x88, 0x80, 0xB8, 0xC4, 0x84, 0x84, 0x84, 0x84, 0x84, 0x78,
    0xCC, 0x84, 0x84, 0x84, 0xCC, 0x78, 0xF8, 0xCC, 0x84, 0x84, 0x84, 0xCC, 0xF8, 0x80, 0x80, 0x80, 0x7C, 0xCC, 0x84, 0x84, 0x84, 0xCC, 0x7C, 0x04,
    0x04, 0x04, 0xB0, 0xC0, 0x80, 0x80, 0x80, 0x80, 0x80, 0x70, 0x88, 0x80, 0x70, 0x08, 0x88, 0x70, 0x40, 0x40, 0xF0, 0x40, 0x40, 0x40, 0x40, 0x40,
    0x70, 0x84, 0x84, 0x84, 0x84, 0x84, 0x8C, 0x74, 0x84, 0x84, 0x48, 0x48, 0x48, 0x30, 0x30, 0x88, 0x80, 0x88, 0x80, 0x55, 0x00, 0x55, 0x00, 0x55,
    0x00, 0x22, 0x00, 0x22, 0x00, 0x84, 0x48, 0x48, 0x30, 0x48, 0x48, 0x84, 0x84, 0x84, 0x48, 0x48, 0x28, 0x30, 0x10, 0x10, 0x20, 0xC0, 0xF8, 0x08,
    0x10, 0x20, 0x40, 0x80, 0xF8, 0x38, 0x20, 0x20, 0x20, 0x20, 0xC0, 0x20, 0x20, 0x20, 0x20, 0x38, 0x80, 0x80, 0x80, 0x80, 0x80, 0x80, 0x80, 0x80,
    0x80, 0x80, 0x80, 0x80, 0xE0, 0x20, 0x20, 0x20, 0x20, 0x18, 0x20, 0x20, 0x20, 0x20, 0xE0, 0x71, 0x8E, 0x80, 0x80, 0x80, 0x80, 0x80, 0x80, 0x00,
    0x80, 0x80, 0xA0, 0xA0, 0xA0, 0xA0, 0x09, 0x00, 0x12, 0x00, 0x12, 0x00, 0x7F, 0x80, 0x12, 0x00, 0x24, 0x00, 0xFF, 0x00, 0x24, 0x00, 0x24, 0x00,
    0x68, 0x00, 0x10, 0x7C, 0x92, 0x90, 0x70, 0x1E, 0x12, 0x92, 0x7C, 0x10, 0x10, 0x60, 0x80, 0x91, 0x00, 0x92, 0x00, 0x92, 0x00, 0x64, 0xC0, 0x09,
    0x20, 0x09, 0x20, 0x11, 0x20, 0x20, 0xC0, 0x38, 0x00, 0x44, 0x00, 0x40, 0x00, 0x20, 0x00, 0x50, 0x80, 0x88, 0x80, 0x85, 0x00, 0xC3, 0x00, 0x7C,
    0x80, 0x80, 0x80, 0x80, 0x80, 0x60, 0x40, 0x40, 0x80, 0x80, 0x80, 0x80, 0x80, 0x80, 0x40, 0x40, 0x20, 0x80, 0x40, 0x40, 0x20, 0x20, 0x20, 0x20,
    0x20, 0x20, 0x40, 0x40, 0x80, 0x10, 0x92, 0x7C, 0x38, 0xD6, 0x10, 0x08, 0x00, 0x08, 0x00, 0x08, 0x00, 0x08, 0x00, 0xFF, 0x80, 0x08, 0x00, 0x08,
    0x00, 0x08, 0x00, 0x08, 0x00, 0x40, 0x40, 0x80, 0xE0, 0x80, 0x80, 0x10, 0x10, 0x20, 0x20, 0x20, 0x60, 0x40, 0x40, 0x40, 0x80, 0x80, 0x78, 0x48,
    0x84, 0x84, 0x84, 0x84, 0x84, 0x48, 0x78, 0xE0, 0x20, 0x20, 0x20, 0x20, 0x20, 0x20, 0x20, 0xF8, 0x78, 0x8C, 0x04, 0x04, 0x08, 0x10, 0x20, 0x40,
    0xFC, 0x78, 0x84, 0x04, 0x04, 0x38, 0x04, 0x04, 0x84, 0x78, 0x18, 0x28, 0x28, 0x48, 0x48, 0x88, 0xFC, 0x08, 0x08, 0xF8, 0x80, 0x80, 0xF8, 0x0C,
    0x04, 0x04, 0x8C, 0x78, 0x38, 0x44, 0x80, 0xB8, 0xCC, 0x84, 0x84, 0x4C, 0x78, 0xFC, 0x04, 0x08, 0x08, 0x10, 0x10, 0x20, 0x20, 0x40, 0x78, 0x84,
    0x84, 0x84, 0x78, 0x84, 0x84, 0x84, 0x78, 0x78, 0xC8, 0x84, 0x84, 0xCC, 0x74, 0x04, 0x88, 0x70, 0x80, 0x80, 0x00, 0x00, 0x00, 0x80, 0x80, 0x40,
    0x40, 0x00, 0x00, 0x00, 0x40, 0x40, 0x80, 0x01, 0x0E, 0x70, 0x80, 0x70, 0x0E, 0x01, 0xFF, 0x00, 0x00, 0xFF, 0x80, 0x70, 0x0E, 0x01, 0x0E, 0x70,
    0x80, 0x70, 0x88, 0x08, 0x10, 0x20, 0x20, 0x00, 0x20, 0x20, 0x1F, 0x00, 0x20, 0xC0, 0x40, 0x40, 0x8F, 0x20, 0x91, 0x20, 0x91, 0x20, 0x91, 0x40,
    0x8F, 0x80, 0x40, 0x00, 0x20, 0x80, 0x1F, 0x00, 0x08, 0x00, 0x14, 0x00, 0x14, 0x00, 0x22, 0x00, 0x22, 0x00, 0x7F, 0x00, 0x41, 0x00, 0x41, 0x00,
    0x80, 0x80, 0xFC, 0x82, 0x82, 0x82, 0xFC, 0x82, 0x82, 0x82, 0xFC, 0x3C, 0x42, 0x80, 0x80, 0x80, 0x80, 0x80, 0x42, 0x3C, 0xFC, 0x86, 0x81, 0x81,
    0x81, 0x81, 0x81, 0x86, 0xFC, 0xFC, 0x80, 0x80, 0x80, 0xFC, 0x80, 0x80, 0x80, 0xFC, 0xF8, 0x80, 0x80, 0x80, 0xF8, 0x80, 0x80, 0x80, 0x80, 0x3E,
    0x41, 0x80, 0x80, 0x87, 0x81, 0x81, 0x41, 0x3E, 0x81, 0x81, 0x81, 0x81, 0xFF, 0x81, 0x81, 0x81, 0x81, 0x80, 0x80, 0x80, 0x80, 0x80, 0x80, 0x80,
    0x80, 0x80, 0x20, 0x20, 0x20, 0x20, 0x20, 0x20, 0x20, 0x20, 0x20, 0x20, 0x20, 0xC0, 0x84, 0x88, 0x90, 0xA0, 0xC0, 0xA0, 0x90, 0x88, 0x84, 0x80,
    0x80, 0x80, 0x80, 0x80, 0x80, 0x80, 0x80, 0xFC, 0xC1, 0x80, 0xC1, 0x80, 0xA2, 0x80, 0xA2, 0x80, 0x94, 0x80, 0x94, 0x80, 0x88, 0x80, 0x80, 0x80,
    0x80, 0x80, 0xC1, 0xC1, 0xA1, 0x91, 0x99, 0x89, 0x85, 0x83, 0x83, 0x3C, 0x42, 0x81, 0x81, 0x81, 0x81, 0x81, 0x42, 0x3C, 0xF8, 0x8C, 0x84, 0x84,
    0x8C, 0xF8, 0x80, 0x80, 0x80, 0x3C, 0x42, 0x81, 0x81, 0x81, 0x81, 0x81, 0x42, 0x3C, 0x04, 0x02, 0xF8, 0x84, 0x84, 0x84, 0xF8, 0x88, 0x84, 0x84,
    0x82, 0x7C, 0xC2, 0x80, 0xC0, 0x7C, 0x06, 0x02, 0x86, 0x7C, 0xFE, 0x10, 0x10, 0x10, 0x10, 0x10, 0x10, 0x10, 0x10, 0x81, 0x81, 0x81, 0x81, 0x81,
    0x81, 0x81, 0xC3, 0x3C, 0x80, 0x80, 0x80, 0x80, 0x41, 0x00, 0x41, 0x00, 0x22, 0x00, 0x22, 0x00, 0x14, 0x00, 0x14, 0x00, 0x08, 0x00, 0x84, 0x20,
    0x84, 0x20, 0x44, 0x40, 0x4A, 0x40, 0x4A, 0x40, 0x2A, 0x80, 0x2A, 0x80, 0x11, 0x00, 0x11, 0x00, 0xC3, 0x42, 0x24, 0x18, 0x18, 0x18, 0x24, 0x42,
    0xC3, 0x82, 0x44, 0x44, 0x28, 0x28, 0x10, 0x10, 0x10, 0x10, 0xFF, 0x02, 0x04, 0x08, 0x08, 0x10, 0x20, 0x40, 0xFF, 0xE0, 0x80, 0x80, 0x80, 0x80,
    0x80, 0x80, 0x80, 0x80, 0x80, 0x80, 0xE0, 0x80, 0x80, 0x40, 0x40, 0x40, 0x60, 0x20, 0x20, 0x20, 0x10, 0x10, 0xE0, 0x20, 0x20, 0x20, 0x20, 0x20,
    0x20, 0x20, 0x20, 0x20, 0x20, 0xE0, 0x18, 0x3C, 0x66, 0xC3, 0xFE, 0x80, 0x40, 0x78, 0x84, 0x04, 0x7C, 0x84, 0x8C, 0x74, 0x80, 0x80, 0x80, 0x80,
    0xF8, 0xCC, 0x84, 0x84, 0x84, 0xCC, 0xF8, 0x70, 0xC8, 0x80, 0x80, 0x80, 0xC8, 0x70, 0x04, 0x04, 0x04, 0x04, 0x7C, 0xCC, 0x84, 0x84, 0x84, 0xCC,
    0x7C, 0x78, 0xCC, 0x84, 0xFC, 0x80, 0xC4, 0x78, 0x30, 0x40, 0x40, 0x40, 0xF0, 0x40, 0x40, 0x40, 0x40, 0x40, 0x40, 0x7C, 0xCC, 0x84, 0x84, 0x84,
    0xCC, 0x7C, 0x04, 0x4C, 0x38, 0x80, 0x80, 0x80, 0x80, 0xB8, 0xC4, 0x84, 0x84, 0x84, 0x84, 0x84, 0x80, 0x00, 0x00, 0x80, 0x80, 0x80, 0x80, 0x80,
    0x80, 0x80, 0x40, 0x00, 0x00, 0x40, 0x40, 0x40, 0x40, 0x40, 0x40, 0x40, 0x40, 0x40, 0xC0, 0x80, 0x80, 0x80, 0x80, 0x88, 0x90, 0xA0, 0xC0, 0xA0,
    0x90, 0x88, 0x80, 0x80, 0x80, 0x80, 0x80, 0x80, 0x80, 0x80, 0x80, 0x80, 0x80, 0xB9, 0xC0, 0xC6, 0x20, 0x84, 0x20, 0x84, 0x20, 0x84, 0x20, 0x84,
    0x20, 0x84, 0x20, 0xB8, 0xC4, 0x84, 0x84, 0x84, 0x84, 0x84, 0x78, 0xCC, 0x84, 0x84, 0x84, 0xCC, 0x78, 0xF8, 0xCC, 0x84, 0x84, 0x84, 0xCC, 0xF8,
    0x80, 0x80, 0x80, 0x7C, 0xCC, 0x84, 0x84, 0x84, 0xCC, 0x7C, 0x04, 0x04, 0x04, 0xB0, 0xC0, 0x80, 0x80, 0x80, 0x80, 0x80, 0x70, 0x88, 0x80, 0x70,
    0x08, 0x88, 0x70, 0x40, 0x40, 0xF0, 0x40, 0x40, 0x40, 0x40, 0x40, 0x70, 0x84, 0x84, 0x84, 0x84, 0x84, 0x8C, 0x74, 0x82, 0x82, 0x44, 0x44, 0x28,
    0x28, 0x10, 0x88, 0x80, 0x88, 0x80, 0x49, 0x00, 0x55, 0x00, 0x55, 0x00, 0x22, 0x00, 0x22, 0x00, 0x82, 0x44, 0x28, 0x10, 0x28, 0x44, 0x82, 0x82,
    0x44, 0x44, 0x28, 0x28, 0x10, 0x10, 0x20, 0x20, 0xC0, 0xF8, 0x08, 0x10, 0x20, 0x40, 0x80, 0xF8, 0x38, 0x20, 0x20, 0x20, 0x20, 0xC0, 0x20, 0x20,
    0x20, 0x20, 0x20, 0x18, 0x80, 0x80, 0x80, 0x80, 0x80, 0x80, 0x80, 0x80, 0x80, 0x80, 0x80, 0x80, 0x80, 0xE0, 0x20, 0x20, 0x20, 0x20, 0x18, 0x20,
    0x20, 0x20, 0x20, 0x20, 0xC0, 0x71, 0x8E, 0x80, 0x80, 0x80, 0x80, 0x80, 0x80, 0x00, 0x00, 0x80, 0x80, 0xA0, 0xA0, 0xA0, 0xA0, 0x09, 0x00, 0x09,
    0x00, 0x09, 0x00, 0x7F, 0xC0, 0x12, 0x00, 0x12, 0x00, 0xFF, 0x80, 0x26, 0x00, 0x24, 0x00, 0x24, 0x00, 0x10, 0x10, 0x7C, 0x92, 0x90, 0xD0, 0x7C,
    0x16, 0x12, 0x92, 0x7C, 0x10, 0x10, 0x70, 0x80, 0x88, 0x80, 0x89, 0x00, 0x8B, 0x00, 0x8A, 0xE0, 0x75, 0x10, 0x0D, 0x10, 0x09, 0x10, 0x11, 0x10,
    0x10, 0xE0, 0x38, 0x00, 0x44, 0x00, 0x40, 0x00, 0x20, 0x00, 0x50, 0x00, 0x88, 0x40, 0x84, 0x40, 0x82, 0x80, 0x43, 0x00, 0x3C, 0xC0, 0x80, 0x80,
    0x80, 0x80, 0x60, 0x40, 0x40, 0x80, 0x80, 0x80, 0x80, 0x80, 0x80, 0x40, 0x40, 0x20, 0x80, 0x40, 0x40, 0x20, 0x20, 0x20, 0x20, 0x20, 0x20, 0x40,
    0x40, 0x80, 0x10, 0x92, 0x7C, 0x38, 0xD6, 0x10, 0x08, 0x00, 0x08, 0x00, 0x08, 0x00, 0x08, 0x00, 0xFF, 0x80, 0x08, 0x00, 0x08, 0x00, 0x08, 0x00,
    0x08, 0x00, 0x40, 0x40, 0x80, 0xF0, 0x80, 0x80, 0x08, 0x18, 0x10, 0x10, 0x30, 0x20, 0x20, 0x60, 0x40, 0x40, 0xC0, 0x80, 0x38, 0x44, 0x82, 0x82,
    0x82, 0x82, 0x82, 0x82, 0x44, 0x38, 0x60, 0xA0, 0x20, 0x20, 0x20, 0x20, 0x20, 0x20, 0x20, 0xF8, 0x78, 0x8C, 0x04, 0x04, 0x0C, 0x08, 0x10, 0x20,
    0x40, 0xFC, 0x7C, 0x86, 0x02, 0x02, 0x3C, 0x06, 0x02, 0x02, 0x86, 0x78, 0x0C, 0x14, 0x24, 0x24, 0x44, 0x84, 0xFE, 0x04, 0x04, 0x04, 0xFC, 0x80,
    0x80, 0xF8, 0x84, 0x02, 0x02, 0x02, 0x84, 0x78, 0x3C, 0x62, 0xC0, 0x80, 0xBC, 0xC6, 0x82, 0x82, 0x46, 0x3C, 0xFE, 0x04, 0x04, 0x08, 0x08, 0x10,
    0x10, 0x20, 0x20, 0x40, 0x7C, 0xC6, 0x82, 0xC6, 0x38, 0xC6, 0x82, 0x82, 0xC6, 0x7C, 0x78, 0xC4, 0x82, 0x82, 0xC6, 0x7A, 0x02, 0x06, 0x8C, 0x78,
    0x80, 0x80, 0x00, 0x00, 0x00, 0x80, 0x80, 0x40, 0x40, 0x00, 0x00, 0x00, 0x40, 0x40, 0x80, 0x00, 0x80, 0x07, 0x00, 0x38, 0x00, 0xE0, 0x00, 0xE0,
    0x00, 0x38, 0x00, 0x07, 0x00, 0x00, 0x80, 0xFF, 0x80, 0x00, 0x00, 0x00, 0x00, 0xFF, 0x80, 0x80, 0x00, 0x70, 0x00, 0x0E, 0x00, 0x03, 0x80, 0x03,
    0x80, 0x0E, 0x00, 0x70, 0x00, 0x80, 0x00, 0x70, 0x88, 0x08, 0x18, 0x30, 0x20, 0x20, 0x00, 0x20, 0x20, 0x0F, 0x80, 0x30, 0x40, 0x40, 0x20, 0x4E,
    0x90, 0x99, 0x90, 0x90, 0x90, 0x90, 0x90, 0x99, 0xA0, 0x4E, 0xC0, 0x40, 0x00, 0x30, 0x40, 0x0F, 0x80, 0x08, 0x00, 0x14, 0x00, 0x14, 0x00, 0x22,
    0x00, 0x22, 0x00, 0x22, 0x00, 0x7F, 0x00, 0x41, 0x00, 0x41, 0x00, 0x80, 0x80, 0xFE, 0x83, 0x81, 0x83, 0xFE, 0x83, 0x81, 0x81, 0x83, 0xFE, 0x3E,
    0x61, 0xC0, 0x80, 0x80, 0x80, 0x80, 0xC0, 0x61, 0x3E, 0xFC, 0x00, 0x83, 0x00, 0x81, 0x80, 0x80, 0x80, 0x80, 0x80, 0x80, 0x80, 0x80, 0x80, 0x81,
    0x80, 0x83, 0x00, 0xFC, 0x00, 0xFE, 0x80, 0x80, 0x80, 0xFE, 0x80, 0x80, 0x80, 0x80, 0xFE, 0xFC, 0x80, 0x80, 0x80, 0xFC, 0x80, 0x80, 0x80, 0x80,
    0x80, 0x1F, 0x00, 0x60, 0x80, 0x40, 0x00, 0x80, 0x00, 0x80, 0x00, 0x83, 0x80, 0x80, 0x80, 0x40, 0x80, 0x60, 0x80, 0x1F, 0x00, 0x81, 0x81, 0x81,
    0x81, 0xFF, 0x81, 0x81, 0x81, 0x81, 0x81, 0x80, 0x80, 0x80, 0x80, 0x80, 0x80, 0x80, 0x80, 0x80, 0x80, 0x20, 0x20, 0x20, 0x20, 0x20, 0x20, 0x20,
    0x20, 0x20, 0x20, 0x20, 0x20, 0xC0, 0x82, 0x84, 0x88, 0x90, 0xE0, 0xA0, 0x90, 0x88, 0x84, 0x82, 0x80, 0x80, 0x80, 0x80, 0x80, 0x80, 0x80, 0x80,
    0x80, 0xFC, 0xC0, 0xC0, 0xC0, 0xC0, 0xA1, 0x40, 0xA1, 0x40, 0x92, 0x40, 0x92, 0x40, 0x8C, 0x40, 0x8C, 0x40, 0x80, 0x40, 0x80, 0x40, 0xC1, 0xC1,
    0xA1, 0x91, 0x91, 0x89, 0x89, 0x85, 0x83, 0x83, 0x3E, 0x00, 0x63, 0x00, 0xC1, 0x80, 0x80, 0x80, 0x80, 0x80, 0x80, 0x80, 0x80, 0x80, 0xC1, 0x80,
    0x63, 0x00, 0x3E, 0x00, 0xFC, 0x86, 0x82, 0x82, 0x86, 0xFC, 0x80, 0x80, 0x80, 0x80, 0x3E, 0x00, 0x63, 0x00, 0xC1, 0x80, 0x80, 0x80, 0x80, 0x80,
    0x80, 0x80, 0x80, 0x80, 0xC1, 0x80, 0x63, 0x00, 0x3E, 0x00, 0x02, 0x00, 0x01, 0x00, 0xFC, 0x86, 0x82, 0x82, 0x86, 0xFC, 0x86, 0x82, 0x82, 0x81,
    0x7C, 0xC2, 0x80, 0x80, 0x60, 0x1C, 0x02, 0x02, 0x86, 0x7C, 0xFF, 0x80, 0x08, 0x00, 0x08, 0x00, 0x08, 0x00, 0x08, 0x00, 0x08, 0x00, 0x08, 0x00,
    0x08, 0x00, 0x08, 0x00, 0x08, 0x00, 0x81, 0x81, 0x81, 0x81, 0x81, 0x81, 0x81, 0x81, 0x42, 0x3C, 0x80, 0x80, 0x41, 0x00, 0x41, 0x00, 0x41, 0x00,
    0x22, 0x00, 0x22, 0x00, 0x14, 0x00, 0x14, 0x00, 0x14, 0x00, 0x08, 0x00, 0x82, 0x08, 0x85, 0x08, 0x45, 0x10, 0x45, 0x10, 0x45, 0x10, 0x28, 0xA0,
    0x28, 0xA0, 0x28, 0xA0, 0x28, 0xA0, 0x10, 0x40, 0xC1, 0x80, 0x41, 0x00, 0x22, 0x00, 0x14, 0x00, 0x08, 0x00, 0x18, 0x00, 0x14, 0x00, 0x22, 0x00,
    0x41, 0x00, 0xC1, 0x80, 0xC1, 0x80, 0x41, 0x00, 0x22, 0x00, 0x22, 0x00, 0x14, 0x00, 0x08, 0x00, 0x08, 0x00, 0x08, 0x00, 0x08, 0x00, 0x08, 0x00,
    0xFF, 0x01, 0x02, 0x04, 0x08, 0x10, 0x20, 0x40, 0x80, 0xFF, 0xE0, 0x80, 0x80, 0x80, 0x80, 0x80, 0x80, 0x80, 0x80, 0x80, 0x80, 0xE0, 0x80, 0xC0,
    0x40, 0x40, 0x60, 0x20, 0x20, 0x30, 0x10, 0x10, 0x18, 0x08, 0xE0, 0x20, 0x20, 0x20, 0x20, 0x20, 0x20, 0x20, 0x20, 0x20, 0x20, 0xE0, 0x1C, 0x00,
    0x36, 0x00, 0x63, 0x00, 0xC1, 0x80, 0xFE, 0xC0, 0x40, 0x20, 0x78, 0x84, 0x04, 0x7C, 0x84, 0x84, 0x8C, 0x74, 0x80, 0x80, 0x80, 0xB8, 0xC4, 0x82,
    0x82, 0x82, 0x82, 0xC4, 0xB8, 0x38, 0x44, 0x80, 0x80, 0x80, 0x80, 0x44, 0x38, 0x02, 0x02, 0x02, 0x3A, 0x46, 0x82, 0x82, 0x82, 0x82, 0x46, 0x3A,
    0x3C, 0x46, 0x82, 0xFE, 0x80, 0x80, 0x42, 0x3C, 0x30, 0x40, 0x40, 0xF0, 0x40, 0x40, 0x40, 0x40, 0x40, 0x40, 0x40, 0x3A, 0x46, 0x82, 0x82, 0x82,
    0x82, 0x46, 0x3A, 0x02, 0x46, 0x3C, 0x80, 0x80, 0x80, 0xBC, 0xC6, 0x82, 0x82, 0x82, 0x82, 0x82, 0x82, 0x80, 0x80, 0x00, 0x80, 0x80, 0x80, 0x80,
    0x80, 0x80, 0x80, 0x80, 0x20, 0x20, 0x00, 0x20, 0x20, 0x20, 0x20, 0x20, 0x20, 0x20, 0x20, 0x20, 0x20, 0xC0, 0x80, 0x80, 0x80, 0x84, 0x88, 0x90,
    0xE0, 0xA0, 0x90, 0x88, 0x84, 0x80, 0x80, 0x80, 0x80, 0x80, 0x80, 0x80, 0x80, 0x80, 0x80, 0x80, 0xB9, 0xC0, 0xC6, 0x20, 0x84, 0x20, 0x84, 0x20,
    0x84, 0x20, 0x84, 0x20, 0x84, 0x20, 0x84, 0x20, 0xBC, 0xC6, 0x82, 0x82, 0x82, 0x82, 0x82, 0x82, 0x38, 0x44, 0x82, 0x82, 0x82, 0x82, 0x44, 0x38,
    0xB8, 0xC4, 0x82, 0x82, 0x82, 0x82, 0xC4, 0xB8, 0x80, 0x80, 0x80, 0x3A, 0x46, 0x82, 0x82, 0x82, 0x82, 0x46, 0x3A, 0x02, 0x02, 0x02, 0xB0, 0xC0,
    0x80, 0x80, 0x80, 0x80, 0x80, 0x80, 0x78, 0x84, 0x80, 0xE0, 0x1C, 0x04, 0x84, 0x78, 0x40, 0x40, 0xF8, 0x40, 0x40, 0x40, 0x40, 0x40, 0x40, 0x38,
    0x82, 0x82, 0x82, 0x82, 0x82, 0x82, 0xC6, 0x7A, 0x82, 0x82, 0x44, 0x44, 0x44, 0x28, 0x28, 0x10, 0x88, 0x80, 0x88, 0x80, 0x88, 0x80, 0x55, 0x00,
    0x55, 0x00, 0x55, 0x00, 0x22, 0x00, 0x22, 0x00, 0x82, 0x44, 0x28, 0x10, 0x10, 0x28, 0x44, 0x82, 0x82, 0x82, 0x44, 0x44, 0x28, 0x28, 0x10, 0x10,
    0x10, 0x20, 0xC0, 0xFC, 0x04, 0x08, 0x10, 0x20, 0x40, 0x80, 0xFC, 0x18, 0x20, 0x20, 0x20, 0x20, 0x20, 0xC0, 0x20, 0x20, 0x20, 0x20, 0x20, 0x18,
    0x80, 0x80, 0x80, 0x80, 0x80, 0x80, 0x80, 0x80, 0x80, 0x80, 0x80, 0x80, 0x80, 0x80, 0xC0, 0x20, 0x20, 0x20, 0x20, 0x20, 0x18, 0x20, 0x20, 0x20,
    0x20, 0x20, 0xC0, 0x78, 0x80, 0x8F, 0x00, 0x80, 0x80, 0x80, 0x80, 0x80, 0x80, 0x80, 0x80, 0x00, 0x00, 0x80, 0x80, 0x90, 0x90, 0x90, 0x90, 0x0C,
    0x80, 0x08, 0x80, 0x09, 0x80, 0x7F, 0xE0, 0x19, 0x00, 0x11, 0x00, 0x13, 0x00, 0xFF, 0xC0, 0x32, 0x00, 0x22, 0x00, 0x26, 0x00, 0x10, 0x10, 0x7C,
    0xD2, 0x90, 0x90, 0x70, 0x1C, 0x12, 0x12, 0x96, 0x7C, 0x10, 0x10, 0x70, 0x40, 0x88, 0x40, 0x88, 0x80, 0x89, 0x80, 0x89, 0x00, 0x72, 0x00, 0x02,
    0x70, 0x04, 0x88, 0x0C, 0x88, 0x08, 0x88, 0x10, 0x88, 0x10, 0x70, 0x3C, 0x00, 0x62, 0x00, 0x40, 0x00, 0x40, 0x00, 0x20, 0x00, 0x50, 0x00, 0x88,
    0x40, 0x84, 0x40, 0x82, 0x40, 0x81, 0x80, 0x41, 0x80, 0x3E, 0x40, 0x80, 0x80, 0x80, 0x80, 0x30, 0x60, 0x40, 0x40, 0x80, 0x80, 0x80, 0x80, 0x80,
    0x80, 0x40, 0x40, 0x60, 0x30, 0xC0, 0x60, 0x20, 0x20, 0x10, 0x10, 0x10, 0x10, 0x10, 0x10, 0x20, 0x20, 0x60, 0xC0, 0x10, 0x10, 0x92, 0x7C, 0x38,
    0xD6, 0x10, 0x10, 0x08, 0x00, 0x08, 0x00, 0x08, 0x00, 0x08, 0x00, 0xFF, 0x80, 0x08, 0x00, 0x08, 0x00, 0x08, 0x00, 0x08, 0x00, 0x40, 0x40, 0x40,
    0x80, 0xF0, 0x80, 0x80, 0x08, 0x08, 0x10, 0x10, 0x10, 0x20, 0x20, 0x20, 0x40, 0x40, 0x40, 0xC0, 0x80, 0x3C, 0x42, 0x42, 0x81, 0x81, 0x81, 0x81,
    0x81, 0x81, 0x42, 0x42, 0x3C, 0x70, 0xD0, 0x10, 0x10, 0x10, 0x10, 0x10, 0x10, 0x10, 0x10, 0x10, 0xFE, 0x78, 0xC4, 0x82, 0x02, 0x02, 0x04, 0x08,
    0x10, 0x20, 0x40, 0x80, 0xFE, 0x7C, 0x83, 0x01, 0x01, 0x03, 0x3C, 0x03, 0x01, 0x01, 0x01, 0x82, 0x7C, 0x06, 0x00, 0x0A, 0x00, 0x0A, 0x00, 0x12,
    0x00, 0x22, 0x00, 0x42, 0x00, 0x42, 0x00, 0x82, 0x00, 0xFF, 0x80, 0x02, 0x00, 0x02, 0x00, 0x02, 0x00, 0x7E, 0x40, 0x40, 0x40, 0x7C, 0x42, 0x01,
    0x01, 0x01, 0x01, 0x82, 0x7C, 0x1C, 0x62, 0x40, 0x80, 0xBC, 0xC2, 0x81, 0x81, 0x81, 0x81, 0x42, 0x3C, 0xFF, 0x01, 0x02, 0x02, 0x04, 0x04, 0x08,
    0x08, 0x08, 0x10, 0x10, 0x20, 0x3C, 0xC3, 0x81, 0x81, 0xC3, 0x3C, 0xC3, 0x81, 0x81, 0x81, 0x42, 0x3C, 0x3C, 0x42, 0x82, 0x81, 0x81, 0x81, 0x43,
    0x3D, 0x01, 0x02, 0x46, 0x38, 0x80, 0x80, 0x00, 0x00, 0x00, 0x00, 0x80, 0x80, 0x40, 0x40, 0x00, 0x00, 0x00, 0x00, 0x40, 0x40, 0x40, 0x80, 0x00,
    0x40, 0x03, 0x80, 0x1C, 0x00, 0x70, 0x00, 0x80, 0x00, 0x70, 0x00, 0x1C, 0x00, 0x03, 0x80, 0x00, 0x40, 0xFF, 0xC0, 0x00, 0x00, 0x00, 0x00, 0xFF,
    0xC0, 0x80, 0x00, 0x70, 0x00, 0x0E, 0x00, 0x03, 0x80, 0x00, 0x40, 0x03, 0x80, 0x0E, 0x00, 0x70, 0x00, 0x80, 0x00, 0x78, 0x84, 0x04, 0x04, 0x0C,
    0x18, 0x30, 0x20, 0x20, 0x00, 0x20, 0x20, 0x0F, 0xC0, 0x18, 0x30, 0x20, 0x18, 0x47, 0xA8, 0xC8, 0x64, 0x90, 0x24, 0x90, 0x24, 0x90, 0x24, 0x90,
    0x24, 0xC8, 0x68, 0x47, 0xB0, 0x20, 0x00, 0x18, 0x30, 0x07, 0xE0, 0x04, 0x00, 0x04, 0x00, 0x0A, 0x00, 0x0A, 0x00, 0x11, 0x00, 0x11, 0x00, 0x20,
    0x80, 0x20, 0x80, 0x3F, 0x80, 0x40, 0x40, 0x40, 0x40, 0x80, 0x20, 0xFE, 0x00, 0x81, 0x80, 0x80, 0x80, 0x80, 0x80, 0x81, 0x80, 0xFF, 0x00, 0x81,
    0x80, 0x80, 0x80, 0x80, 0x80, 0x80, 0x80, 0x81, 0x00, 0xFE, 0x00, 0x1F, 0x00, 0x21, 0x80, 0x40, 0x00, 0x80, 0x00, 0x80, 0x00, 0x80, 0x00, 0x80,
    0x00, 0x80, 0x00, 0x80, 0x00, 0x40, 0x00, 0x21, 0x80, 0x1F, 0x00, 0xFE, 0x00, 0x83, 0x00, 0x80, 0x80, 0x80, 0x40, 0x80, 0x40, 0x80, 0x40, 0x80,
    0x40, 0x80, 0x40, 0x80, 0x40, 0x80, 0x80, 0x83, 0x00, 0xFE, 0x00, 0xFF, 0x80, 0x80, 0x80, 0x80, 0xFF, 0x80, 0x80, 0x80, 0x80, 0x80, 0xFF, 0xFE,
    0x80, 0x80, 0x80, 0x80, 0xFC, 0x80, 0x80, 0x80, 0x80, 0x80, 0x80, 0x1F, 0x80, 0x20, 0xC0, 0x40, 0x40, 0x80, 0x00, 0x80, 0x00, 0x80, 0x00, 0x83,
    0xC0, 0x80, 0x40, 0x80, 0x40, 0x40, 0x40, 0x20, 0x40, 0x1F, 0x80, 0x80, 0x40, 0x80, 0x40, 0x80, 0x40, 0x80, 0x40, 0x80, 0x40, 0xFF, 0xC0, 0x80,
    0x40, 0x80, 0x40, 0x80, 0x40, 0x80, 0x40, 0x80, 0x40, 0x80, 0x40, 0x80, 0x80, 0x80, 0x80, 0x80, 0x80, 0x80, 0x80, 0x80, 0x80, 0x80, 0x80, 0x20,
    0x20, 0x20, 0x20, 0x20, 0x20, 0x20, 0x20, 0x20, 0x20, 0x20, 0x20, 0x20, 0x20, 0xC0, 0x81, 0x82, 0x84, 0x88, 0x90, 0xE0, 0xA0, 0x90, 0x88, 0x84,
    0x82, 0x81, 0x80, 0x80, 0x80, 0x80, 0x80, 0x80, 0x80, 0x80, 0x80, 0x80, 0x80, 0xFE, 0xC0, 0x60, 0xC0, 0x60, 0xA0, 0xA0, 0xA0, 0xA0, 0xA0, 0xA0,
    0x91, 0x20, 0x91, 0x20, 0x8A, 0x20, 0x8A, 0x20, 0x84, 0x20, 0x80, 0x20, 0x80, 0x20, 0xC0, 0x40, 0xA0, 0x40, 0xA0, 0x40, 0x90, 0x40, 0x88, 0x40,
    0x88, 0x40, 0x84, 0x40, 0x82, 0x40, 0x82, 0x40, 0x81, 0x40, 0x81, 0x40, 0x80, 0xC0, 0x1F, 0x00, 0x20, 0x80, 0x40, 0x40, 0x80, 0x20, 0x80, 0x20,
    0x80, 0x20, 0x80, 0x20, 0x80, 0x20, 0x80, 0x20, 0x40, 0x40, 0x20, 0x80, 0x1F, 0x00, 0xFC, 0x82, 0x81, 0x81, 0x81, 0x82, 0xFC, 0x80, 0x80, 0x80,
    0x80, 0x80, 0x1F, 0x00, 0x20, 0x80, 0x40, 0x40, 0x80, 0x20, 0x80, 0x20, 0x80, 0x20, 0x80, 0x20, 0x80, 0x20, 0x80, 0x20, 0x40, 0x40, 0x20, 0xC0,
    0x1F, 0x00, 0x00, 0x80, 0x00, 0x40, 0xFC, 0x00, 0x82, 0x00, 0x81, 0x00, 0x81, 0x00, 0x81, 0x00, 0x82, 0x00, 0xFE, 0x00, 0x82, 0x00, 0x81, 0x00,
    0x81, 0x00, 0x80, 0x80, 0x80, 0x80, 0x3C, 0xC6, 0x80, 0x80, 0x80, 0x70, 0x1E, 0x03, 0x01, 0x81, 0xC3, 0x7C, 0xFF, 0x80, 0x08, 0x00, 0x08, 0x00,
    0x08, 0x00, 0x08, 0x00, 0x08, 0x00, 0x08, 0x00, 0x08, 0x00, 0x08, 0x00, 0x08, 0x00, 0x08, 0x00, 0x08, 0x00, 0x80, 0x40, 0x80, 0x40, 0x80, 0x40,
    0x80, 0x40, 0x80, 0x40, 0x80, 0x40, 0x80, 0x40, 0x80, 0x40, 0x80, 0x40, 0x80, 0x40, 0x40, 0x80, 0x3F, 0x00, 0x80, 0x20, 0x80, 0x20, 0x40, 0x40,
    0x40, 0x40, 0x20, 0x80, 0x20, 0x80, 0x11, 0x00, 0x11, 0x00, 0x11, 0x00, 0x0A, 0x00, 0x0A, 0x00, 0x04, 0x00, 0x81, 0x02, 0x81, 0x02, 0x42, 0x84,
    0x42, 0x84, 0x42, 0x84, 0x22, 0x88, 0x24, 0x48, 0x24, 0x48, 0x14, 0x50, 0x14, 0x50, 0x08, 0x20, 0x08, 0x20, 0xC1, 0x80, 0x41, 0x00, 0x22, 0x00,
    0x22, 0x00, 0x14, 0x00, 0x08, 0x00, 0x08, 0x00, 0x14, 0x00, 0x22, 0x00, 0x22, 0x00, 0x41, 0x00, 0x80, 0x80, 0x80, 0x80, 0x41, 0x00, 0x22, 0x00,
    0x22, 0x00, 0x14, 0x00, 0x08, 0x00, 0x08, 0x00, 0x08, 0x00, 0x08, 0x00, 0x08, 0x00, 0x08, 0x00, 0x08, 0x00, 0xFF, 0xC0, 0x00, 0x40, 0x00, 0x80,
    0x01, 0x00, 0x02, 0x00, 0x04, 0x00, 0x08, 0x00, 0x10, 0x00, 0x20, 0x00, 0x40, 0x00, 0x80, 0x00, 0xFF, 0xC0, 0xE0, 0x80, 0x80, 0x80, 0x80, 0x80,
    0x80, 0x80, 0x80, 0x80, 0x80, 0x80, 0x80, 0xE0, 0x80, 0xC0, 0x40, 0x40, 0x40, 0x20, 0x20, 0x20, 0x10, 0x10, 0x10, 0x08, 0x08, 0xE0, 0x20, 0x20,
    0x20, 0x20, 0x20, 0x20, 0x20, 0x20, 0x20, 0x20, 0x20, 0x20, 0xE0, 0x18, 0x3C, 0x42, 0x81, 0xFF, 0xC0, 0x60, 0x30, 0x3C, 0x46, 0x02, 0x7E, 0xC2,
    0x82, 0x82, 0xC6, 0x7A, 0x80, 0x80, 0x80, 0xBC, 0xC2, 0x81, 0x81, 0x81, 0x81, 0x81, 0xC2, 0xBC, 0x3C, 0x42, 0x80, 0x80, 0x80, 0x80, 0x80, 0x42,
    0x3C, 0x01, 0x01, 0x01, 0x3D, 0x43, 0x81, 0x81, 0x81, 0x81, 0x81, 0x43, 0x3D, 0x38, 0x44, 0x82, 0x82, 0xFE, 0x80, 0x80, 0x42, 0x3C, 0x38, 0x40,
    0x40, 0xF0, 0x40, 0x40, 0x40, 0x40, 0x40, 0x40, 0x40, 0x40, 0x3D, 0x43, 0x81, 0x81, 0x81, 0x81, 0x81, 0x43, 0x3D, 0x01, 0x42, 0x3C, 0x80, 0x80,
    0x80, 0xBC, 0xC2, 0x81, 0x81, 0x81, 0x81, 0x81, 0x81, 0x81, 0x80, 0x80, 0x00, 0x80, 0x80, 0x80, 0x80, 0x80, 0x80, 0x80, 0x80, 0x80, 0x20, 0x20,
    0x00, 0x20, 0x20, 0x20, 0x20, 0x20, 0x20, 0x20, 0x20, 0x20, 0x20, 0x20, 0xC0, 0x80, 0x80, 0x80, 0x82, 0x84, 0x88, 0x90, 0xE0, 0x90, 0x88, 0x84,
    0x82, 0x80, 0x80, 0x80, 0x80, 0x80, 0x80, 0x80, 0x80, 0x80, 0x80, 0x80, 0x80, 0xBC, 0xF0, 0xC7, 0x18, 0x82, 0x08, 0x82, 0x08, 0x82, 0x08, 0x82,
    0x08, 0x82, 0x08, 0x82, 0x08, 0x82, 0x08, 0xBC, 0xC2, 0x81, 0x81, 0x81, 0x81, 0x81, 0x81, 0x81, 0x3C, 0x42, 0x81, 0x81, 0x81, 0x81, 0x81, 0x42,
    0x3C, 0xBC, 0xC2, 0x81, 0x81, 0x81, 0x81, 0x81, 0xC2, 0xBC, 0x80, 0x80, 0x80, 0x3D, 0x43, 0x81, 0x81, 0x81, 0x81, 0x81, 0x43, 0x3D, 0x01, 0x01,
    0x01, 0xB8, 0xC0, 0x80, 0x80, 0x80, 0x80, 0x80, 0x80, 0x80, 0x7C, 0x82, 0x80, 0xC0, 0x78, 0x06, 0x02, 0x82, 0x7C, 0x40, 0x40, 0xF8, 0x40, 0x40,
    0x40, 0x40, 0x40, 0x40, 0x40, 0x38, 0x81, 0x81, 0x81, 0x81, 0x81, 0x81, 0x81, 0x43, 0x3D, 0x80, 0x80, 0x80, 0x80, 0x41, 0x00, 0x41, 0x00, 0x22,
    0x00, 0x22, 0x00, 0x14, 0x00, 0x1C, 0x00, 0x08, 0x00, 0x82, 0x08, 0x82, 0x08, 0x45, 0x10, 0x45, 0x10, 0x48, 0x90, 0x28, 0xA0, 0x28, 0xA0, 0x10,
    0x40, 0x10, 0x40, 0xC3, 0x42, 0x24, 0x24, 0x18, 0x24, 0x24, 0x42, 0xC3, 0x80, 0x80, 0x41, 0x00, 0x41, 0x00, 0x21, 0x00, 0x22, 0x00, 0x22, 0x00,
    0x14, 0x00, 0x14, 0x00, 0x0C, 0x00, 0x08, 0x00, 0x08, 0x00, 0x70, 0x00, 0xFE, 0x02, 0x04, 0x08, 0x10, 0x20, 0x40, 0x80, 0xFE, 0x18, 0x20, 0x20,
    0x20, 0x20, 0x20, 0x20, 0xC0, 0x20, 0x20, 0x20, 0x20, 0x20, 0x20, 0x18, 0x80, 0x80, 0x80, 0x80, 0x80, 0x80, 0x80, 0x80, 0x80, 0x80, 0x80, 0x80,
    0x80, 0x80, 0x80, 0x80, 0xC0, 0x20, 0x20, 0x20, 0x20, 0x20, 0x20, 0x18, 0x20, 0x20, 0x20, 0x20, 0x20, 0x20, 0xC0, 0x78, 0x40, 0x87, 0x80, 0xC0,
    0xC0, 0xC0, 0xC0, 0xC0, 0xC0, 0xC0, 0xC0, 0xC0, 0x00, 0x00, 0xC0, 0xC0, 0xCC, 0xCC, 0xCC, 0xCC, 0xCC, 0x04, 0x40, 0x04, 0x40, 0x0C, 0xC0, 0x0C,
    0x80, 0x7F, 0xF0, 0x7F, 0xF0, 0x09, 0x80, 0x19, 0x00, 0xFF, 0xE0, 0xFF, 0xE0, 0x13, 0x00, 0x33, 0x00, 0x32, 0x00, 0x22, 0x00, 0x08, 0x00, 0x08,
    0x00, 0x3E, 0x00, 0x7F, 0x00, 0xE9, 0x00, 0xC8, 0x00, 0xF8, 0x00, 0x7E, 0x00, 0x1F, 0x00, 0x09, 0x80, 0x09, 0x80, 0x8B, 0x80, 0xFF, 0x00, 0x7E,
    0x00, 0x08, 0x00, 0x08, 0x00, 0x08, 0x00, 0x78, 0x10, 0xCC, 0x20, 0xCC, 0x60, 0xCC, 0x40, 0xCC, 0x80, 0xCC, 0x80, 0x79, 0x3C, 0x02, 0x66, 0x02,
    0x66, 0x04, 0x66, 0x0C, 0x66, 0x08, 0x66, 0x10, 0x3C, 0x0F, 0x00, 0x1F, 0x80, 0x30, 0x80, 0x30, 0x00, 0x38, 0x00, 0x3C, 0x00, 0x6E, 0x60, 0xC7,
    0x60, 0xC3, 0xC0, 0xC1, 0x80, 0xE1, 0xC0, 0x7F, 0xE0, 0x3E, 0x70, 0xC0, 0xC0, 0xC0, 0xC0, 0xC0, 0x30, 0x20, 0x60, 0x60, 0x40, 0xC0, 0xC0, 0xC0,
    0xC0, 0xC0, 0xC0, 0x40, 0x60, 0x60, 0x20, 0x30, 0xC0, 0x40, 0x60, 0x60, 0x20, 0x30, 0x30, 0x30, 0x30, 0x30, 0x30, 0x20, 0x60, 0x60, 0x40, 0xC0,
    0x10, 0x92, 0x54, 0x38, 0x38, 0x54, 0x92, 0x10, 0x06, 0x00, 0x06, 0x00, 0x06, 0x00, 0x06, 0x00, 0x06, 0x00, 0xFF, 0xF0, 0xFF, 0xF0, 0x06, 0x00,
    0x06, 0x00, 0x06, 0x00, 0x06, 0x00, 0x06, 0x00, 0x60, 0x60, 0x40, 0x80, 0xF8, 0xF8, 0xC0, 0xC0, 0x0C, 0x0C, 0x18, 0x18, 0x18, 0x38, 0x30, 0x30,
    0x30, 0x70, 0x60, 0x60, 0x60, 0xC0, 0xC0, 0x3E, 0x00, 0x7F, 0x00, 0x63, 0x00, 0xC1, 0x80, 0xC1, 0x80, 0xC1, 0x80, 0xC1, 0x80, 0xC1, 0x80, 0xC1,
    0x80, 0xC1, 0x80, 0x63, 0x00, 0x7F, 0x00, 0x3E, 0x00, 0x38, 0xF8, 0xD8, 0x18, 0x18, 0x18, 0x18, 0x18, 0x18, 0x18, 0x18, 0xFF, 0xFF, 0x7C, 0xFE,
    0x87, 0x03, 0x03, 0x07, 0x06, 0x0C, 0x18, 0x30, 0x60, 0xFF, 0xFF, 0x7E, 0x00, 0xFF, 0x00, 0x83, 0x80, 0x01, 0x80, 0x03, 0x80, 0x3F, 0x00, 0x3F,
    0x00, 0x03, 0x80, 0x01, 0x80, 0x01, 0x80, 0x83, 0x80, 0xFF, 0x00, 0x7E, 0x00, 0x07, 0x00, 0x07, 0x00, 0x0B, 0x00, 0x1B, 0x00, 0x13, 0x00, 0x23,
    0x00, 0x63, 0x00, 0x43, 0x00, 0xFF, 0xC0, 0xFF, 0xC0, 0x03, 0x00, 0x03, 0x00, 0x03, 0x00, 0x7E, 0x7E, 0x60, 0x60, 0x7C, 0x7E, 0x47, 0x03, 0x03,
    0x03, 0x87, 0xFE, 0x7C, 0x1E, 0x00, 0x3F, 0x00, 0x71, 0x00, 0xE0, 0x00, 0xC0, 0x00, 0xDE, 0x00, 0xFF, 0x00, 0xE3, 0x80, 0xC1, 0x80, 0xC1, 0x80,
    0x63, 0x80, 0x7F, 0x00, 0x3E, 0x00, 0xFF, 0xFF, 0x06, 0x06, 0x06, 0x0E, 0x0C, 0x0C, 0x1C, 0x18, 0x18, 0x38, 0x30, 0x3E, 0x00, 0x7F, 0x00, 0xE3,
    0x80, 0xC1, 0x80, 0xE3, 0x80, 0x7F, 0x00, 0x7F, 0x00, 0xE3, 0x80, 0xC1, 0x80, 0xC1, 0x80, 0xE3, 0x80, 0x7F, 0x00, 0x3E, 0x00, 0x3E, 0x00, 0x7F,
    0x00, 0xE3, 0x00, 0xC1, 0x80, 0xC1, 0x80, 0xE3, 0x80, 0x7F, 0x80, 0x3D, 0x80, 0x01, 0x80, 0x03, 0x80, 0x47, 0x00, 0x7E, 0x00, 0x3C, 0x00, 0xC0,
    0xC0, 0x00, 0x00, 0x00, 0x00, 0x00, 0xC0, 0xC0, 0x60, 0x60, 0x00, 0x00, 0x00, 0x00, 0x00, 0x60, 0x60, 0x40, 0x80, 0x00, 0x20, 0x01, 0xE0, 0x07,
    0xC0, 0x3E, 0x00, 0xF8, 0x00, 0xF8, 0x00, 0x3E, 0x00, 0x07, 0xC0, 0x01, 0xE0, 0x00, 0x20, 0xFF, 0xE0, 0xFF, 0xE0, 0x00, 0x00, 0x00, 0x00, 0xFF,
    0xE0, 0xFF, 0xE0, 0x80, 0x00, 0xF0, 0x00, 0x7C, 0x00, 0x0F, 0x80, 0x03, 0xE0, 0x03, 0xE0, 0x0F, 0x80, 0x7C, 0x00, 0xF0, 0x00, 0x80, 0x00, 0x78,
    0xFE, 0x86, 0x06, 0x06, 0x0C, 0x18, 0x30, 0x30, 0x30, 0x00, 0x30, 0x30, 0x07, 0xE0, 0x1F, 0xF8, 0x3C, 0x1C, 0x70, 0x06, 0x60, 0x03, 0xE3, 0x63,
    0xC7, 0xE3, 0xC6, 0x63, 0xC6, 0x66, 0xC7, 0xFC, 0xE3, 0x70, 0x60, 0x00, 0x70, 0x00, 0x38, 0x10, 0x1F, 0xF0, 0x07, 0xC0, 0x06, 0x00, 0x06, 0x00,
    0x0F, 0x00, 0x0F, 0x00, 0x19, 0x80, 0x19, 0x80, 0x19, 0x80, 0x30, 0xC0, 0x3F, 0xC0, 0x7F, 0xE0, 0x60, 0x60, 0x60, 0x60, 0xC0, 0x30, 0xFE, 0x00,
    0xFF, 0x00, 0xC3, 0x00, 0xC3, 0x00, 0xC3, 0x00, 0xFE, 0x00, 0xFE, 0x00, 0xC3, 0x00, 0xC1, 0x80, 0xC1, 0x80, 0xC3, 0x80, 0xFF, 0x00, 0xFE, 0x00,
    0x0F, 0xC0, 0x3F, 0xE0, 0x70, 0x20, 0x60, 0x00, 0xC0, 0x00, 0xC0, 0x00, 0xC0, 0x00, 0xC0, 0x00, 0xC0, 0x00, 0x60, 0x00, 0x70, 0x20, 0x3F, 0xE0,
    0x0F, 0xC0, 0xFE, 0x00, 0xFF, 0x80, 0xC1, 0xC0, 0xC0, 0xE0, 0xC0, 0x60, 0xC0, 0x60, 0xC0, 0x60, 0xC0, 0x60, 0xC0, 0x60, 0xC0, 0xE0, 0xC1, 0xC0,
    0xFF, 0x80, 0xFE, 0x00, 0xFF, 0xFF, 0xC0, 0xC0, 0xC0, 0xFF, 0xFF, 0xC0, 0xC0, 0xC0, 0xC0, 0xFF, 0xFF, 0xFF, 0xFF, 0xC0, 0xC0, 0xC0, 0xFE, 0xFE,
    0xC0, 0xC0, 0xC0, 0xC0, 0xC0, 0xC0, 0x0F, 0xC0, 0x3F, 0xE0, 0x70, 0x20, 0x60, 0x00, 0xC0, 0x00, 0xC3, 0xE0, 0xC3, 0xE0, 0xC0, 0x60, 0xC0, 0x60,
    0x60, 0x60, 0x70, 0x60, 0x3F, 0xC0, 0x1F, 0x80, 0xC0, 0xC0, 0xC0, 0xC0, 0xC0, 0xC0, 0xC0, 0xC0, 0xC0, 0xC0, 0xFF, 0xC0, 0xFF, 0xC0, 0xC0, 0xC0,
    0xC0, 0xC0, 0xC0, 0xC0, 0xC0, 0xC0, 0xC0, 0xC0, 0xC0, 0xC0, 0xC0, 0xC0, 0xC0, 0xC0, 0xC0, 0xC0, 0xC0, 0xC0, 0xC0, 0xC0, 0xC0, 0xC0, 0xC0, 0x18,
    0x18, 0x18, 0x18, 0x18, 0x18, 0x18, 0x18, 0x18, 0x18, 0x18, 0x18, 0x18, 0x18, 0x38, 0xF0, 0xE0, 0xC1, 0x80, 0xC3, 0x00, 0xC6, 0x00, 0xCC, 0x00,
    0xD8, 0x00, 0xF0, 0x00, 0xF0, 0x00, 0xD8, 0x00, 0xCC, 0x00, 0xC6, 0x00, 0xC3, 0x00, 0xC1, 0x80, 0xC0, 0xC0, 0xC0, 0xC0, 0xC0, 0xC0, 0xC0, 0xC0,
    0xC0, 0xC0, 0xC0, 0xC0, 0xC0, 0xFF, 0xFF, 0xE0, 0x70, 0xF0, 0xF0, 0xF0, 0xF0, 0xD8, 0xB0, 0xD9, 0xB0, 0xD9, 0xB0, 0xCF, 0x30, 0xCF, 0x30, 0xC6,
    0x30, 0xC6, 0x30, 0xC0, 0x30, 0xC0, 0x30, 0xC0, 0x30, 0xE0, 0xC0, 0xE0, 0xC0, 0xF0, 0xC0, 0xF0, 0xC0, 0xD8, 0xC0, 0xD8, 0xC0, 0xCC, 0xC0, 0xC6,
    0xC0, 0xC6, 0xC0, 0xC3, 0xC0, 0xC3, 0xC0, 0xC1, 0xC0, 0xC1, 0xC0, 0x1F, 0x80, 0x3F, 0xC0, 0x70, 0xE0, 0x60, 0x60, 0xC0, 0x30, 0xC0, 0x30, 0xC0,
    0x30, 0xC0, 0x30, 0xC0, 0x30, 0x60, 0x60, 0x70, 0xE0, 0x3F, 0xC0, 0x1F, 0x80, 0xFC, 0xFE, 0xC7, 0xC3, 0xC3, 0xC7, 0xFE, 0xFC, 0xC0, 0xC0, 0xC0,
    0xC0, 0xC0, 0x1F, 0x80, 0x3F, 0xC0, 0x70, 0xE0, 0x60, 0x60, 0xC0, 0x30, 0xC0, 0x30, 0xC0, 0x30, 0xC0, 0x30, 0xC0, 0x30, 0x60, 0x60, 0x70, 0xE0,
    0x3F, 0xC0, 0x1F, 0x80, 0x01, 0x80, 0x00, 0xC0, 0xFC, 0x00, 0xFE, 0x00, 0xC7, 0x00, 0xC3, 0x00, 0xC3, 0x00, 0xC7, 0x00, 0xFE, 0x00, 0xFC, 0x00,
    0xC6, 0x00, 0xC3, 0x00, 0xC3, 0x00, 0xC1, 0x80, 0xC1, 0xC0, 0x3E, 0x00, 0x7F, 0x00, 0xE1, 0x00, 0xC0, 0x00, 0xC0, 0x00, 0x7C, 0x00, 0x3F, 0x00,
    0x03, 0x80, 0x01, 0x80, 0x01, 0x80, 0x83, 0x80, 0xFF, 0x00, 0x7E, 0x00, 0xFF, 0xF0, 0xFF, 0xF0, 0x06, 0x00, 0x06, 0x00, 0x06, 0x00, 0x06, 0x00,
    0x06, 0x00, 0x06, 0x00, 0x06, 0x00, 0x06, 0x00, 0x06, 0x00, 0x06, 0x00, 0x06, 0x00, 0xC0, 0xC0, 0xC0, 0xC0, 0xC0, 0xC0, 0xC0, 0xC0, 0xC0, 0xC0,
    0xC0, 0xC0, 0xC0, 0xC0, 0xC0, 0xC0, 0xC0, 0xC0, 0xC0, 0xC0, 0x61, 0x80, 0x7F, 0x80, 0x3F, 0x00, 0xC0, 0x30, 0x60, 0x60, 0x60, 0x60, 0x60, 0x60,
    0x30, 0xC0, 0x30, 0xC0, 0x19, 0x80, 0x19, 0x80, 0x19, 0x80, 0x0F, 0x00, 0x0F, 0x00, 0x06, 0x00, 0x06, 0x00, 0xC1, 0xC1, 0x80, 0xC1, 0xC1, 0x80,
    0x63, 0x63, 0x00, 0x63, 0x63, 0x00, 0x63, 0x63, 0x00, 0x63, 0x63, 0x00, 0x36, 0x36, 0x00, 0x36, 0x36, 0x00, 0x36, 0x36, 0x00, 0x36, 0x36, 0x00,
    0x1C, 0x1C, 0x00, 0x1C, 0x1C, 0x00, 0x1C, 0x1C, 0x00, 0x70, 0xE0, 0x30, 0xC0, 0x39, 0x80, 0x1B, 0x80, 0x0F, 0x00, 0x0E, 0x00, 0x0E, 0x00, 0x0F,
    0x00, 0x1B, 0x00, 0x39, 0x80, 0x31, 0xC0, 0x60, 0xC0, 0xE0, 0xE0, 0xE0, 0x70, 0x60, 0x60, 0x30, 0xC0, 0x19, 0x80, 0x19, 0x80, 0x0F, 0x00, 0x06,
    0x00, 0x06, 0x00, 0x06, 0x00, 0x06, 0x00, 0x06, 0x00, 0x06, 0x00, 0x06, 0x00, 0xFF, 0xE0, 0xFF, 0xE0, 0x01, 0xC0, 0x03, 0x80, 0x03, 0x00, 0x07,
    0x00, 0x0E, 0x00, 0x1C, 0x00, 0x18, 0x00, 0x30, 0x00, 0x70, 0x00, 0xFF, 0xE0, 0xFF, 0xE0, 0xF0, 0xF0, 0xC0, 0xC0, 0xC0, 0xC0, 0xC0, 0xC0, 0xC0,
    0xC0, 0xC0, 0xC0, 0xC0, 0xC0, 0xF0, 0xF0, 0xC0, 0xC0, 0x60, 0x60, 0x60, 0x70, 0x30, 0x30, 0x30, 0x38, 0x18, 0x18, 0x18, 0x0C, 0x0C, 0xF0, 0xF0,
    0x30, 0x30, 0x30, 0x30, 0x30, 0x30, 0x30, 0x30, 0x30, 0x30, 0x30, 0x30, 0xF0, 0xF0, 0x0E, 0x00, 0x1B, 0x00, 0x31, 0x80, 0x60, 0xC0, 0xC0, 0x60,
    0xFF, 0x80, 0xFF, 0x80, 0xC0, 0x60, 0x30, 0x3C, 0x7E, 0x47, 0x03, 0x3F, 0xFF, 0xC3, 0xC7, 0xFF, 0x7B, 0xC0, 0x00, 0xC0, 0x00, 0xC0, 0x00, 0xC0,
    0x00, 0xDE, 0x00, 0xFF, 0x00, 0xE3, 0x80, 0xC1, 0x80, 0xC1, 0x80, 0xC1, 0x80, 0xC1, 0x80, 0xE3, 0x80, 0xFF, 0x00, 0xDE, 0x00, 0x1E, 0x7F, 0x61,
    0xC0, 0xC0, 0xC0, 0xC0, 0x61, 0x7F, 0x1E, 0x01, 0x80, 0x01, 0x80, 0x01, 0x80, 0x01, 0x80, 0x3D, 0x80, 0x7F, 0x80, 0xE3, 0x80, 0xC1, 0x80, 0xC1,
    0x80, 0xC1, 0x80, 0xC1, 0x80, 0xE3, 0x80, 0x7F, 0x80, 0x3D, 0x80, 0x1F, 0x00, 0x7F, 0x80, 0x61, 0xC0, 0xC0, 0xC0, 0xFF, 0xC0, 0xFF, 0xC0, 0xC0,
    0x00, 0x60, 0x40, 0x7F, 0xC0, 0x1F, 0x80, 0x1E, 0x3E, 0x30, 0x30, 0xFE, 0xFE, 0x30, 0x30, 0x30, 0x30, 0x30, 0x30, 0x30, 0x30, 0x3D, 0x80, 0x7F,
    0x80, 0xE3, 0x80, 0xC1, 0x80, 0xC1, 0x80, 0xC1, 0x80, 0xC1, 0x80, 0xE3, 0x80, 0x7F, 0x80, 0x3D, 0x80, 0x01, 0x80, 0x43, 0x00, 0x7F, 0x00, 0x3E,
    0x00, 0xC0, 0xC0, 0xC0, 0xC0, 0xDE, 0xFE, 0xE7, 0xC3, 0xC3, 0xC3, 0xC3, 0xC3, 0xC3, 0xC3, 0xC0, 0xC0, 0x00, 0x00, 0xC0, 0xC0, 0xC0, 0xC0, 0xC0,
    0xC0, 0xC0, 0xC0, 0xC0, 0xC0, 0x30, 0x30, 0x00, 0x00, 0x30, 0x30, 0x30, 0x30, 0x30, 0x30, 0x30, 0x30, 0x30, 0x30, 0x30, 0x30, 0xF0, 0xE0, 0xC0,
    0xC0, 0xC0, 0xC0, 0xC3, 0xC6, 0xCC, 0xD8, 0xF0, 0xF0, 0xD8, 0xCC, 0xC6, 0xC3, 0xC0, 0xC0, 0xC0, 0xC0, 0xC0, 0xC0, 0xC0, 0xC0, 0xC0, 0xC0, 0xC0,
    0xC0, 0xC0, 0xC0, 0xDE, 0x78, 0xFE, 0xF8, 0xE3, 0x8C, 0xC3, 0x0C, 0xC3, 0x0C, 0xC3, 0x0C, 0xC3, 0x0C, 0xC3, 0x0C, 0xC3, 0x0C, 0xC3, 0x0C, 0xDE,
    0xFE, 0xE7, 0xC3, 0xC3, 0xC3, 0xC3, 0xC3, 0xC3, 0xC3, 0x1E, 0x00, 0x7F, 0x80, 0x61, 0x80, 0xC0, 0xC0, 0xC0, 0xC0, 0xC0, 0xC0, 0xC0, 0xC0, 0x61,
    0x80, 0x7F, 0x80, 0x1E, 0x00, 0xDE, 0x00, 0xFF, 0x00, 0xE3, 0x80, 0xC1, 0x80, 0xC1, 0x80, 0xC1, 0x80, 0xC1, 0x80, 0xE3, 0x80, 0xFF, 0x00, 0xDE,
    0x00, 0xC0, 0x00, 0xC0, 0x00, 0xC0, 0x00, 0xC0, 0x00, 0x3D, 0x80, 0x7F, 0x80, 0xE3, 0x80, 0xC1, 0x80, 0xC1, 0x80, 0xC1, 0x80, 0xC1, 0x80, 0xE3,
    0x80, 0x7F, 0x80, 0x3D, 0x80, 0x01, 0x80, 0x01, 0x80, 0x01, 0x80, 0x01, 0x80, 0xDC, 0xFC, 0xE0, 0xC0, 0xC0, 0xC0, 0xC0, 0xC0, 0xC0, 0xC0, 0x7C,
    0xFE, 0xC2, 0xE0, 0x7C, 0x1E, 0x06, 0x86, 0xFE, 0x7C, 0x60, 0x60, 0x60, 0xFC, 0xFC, 0x60, 0x60, 0x60, 0x60, 0x60, 0x60, 0x7C, 0x3C, 0xC3, 0xC3,
    0xC3, 0xC3, 0xC3, 0xC3, 0xC3, 0xE7, 0x7F, 0x7B, 0xC0, 0xC0, 0xC0, 0xC0, 0x61, 0x80, 0x61, 0x80, 0x33, 0x00, 0x33, 0x00, 0x33, 0x00, 0x1E, 0x00,
    0x1E, 0x00, 0x0C, 0x00, 0xC7, 0x18, 0xC7, 0x18, 0xC5, 0x18, 0x6D, 0xB0, 0x6D, 0xB0, 0x6D, 0xB0, 0x68, 0xB0, 0x38, 0xE0, 0x38, 0xE0, 0x38, 0xE0,
    0xE1, 0xC0, 0x61, 0x80, 0x33, 0x00, 0x33, 0x00, 0x1E, 0x00, 0x1E, 0x00, 0x33, 0x00, 0x33, 0x00, 0x61, 0x80, 0xE1, 0xC0, 0xC0, 0xC0, 0xC0, 0xC0,
    0x61, 0x80, 0x61, 0x80, 0x33, 0x00, 0x33, 0x00, 0x1E, 0x00, 0x1E, 0x00, 0x0C, 0x00, 0x0C, 0x00, 0x0C, 0x00, 0x18, 0x00, 0x78, 0x00, 0x70, 0x00,
    0xFF, 0xFF, 0x06, 0x0C, 0x1C, 0x38, 0x30, 0x70, 0xFF, 0xFF, 0x0F, 0x1F, 0x18, 0x18, 0x18, 0x18, 0x18, 0xF0, 0xF0, 0x38, 0x18, 0x18, 0x18, 0x18,
    0x18, 0x1F, 0x0F, 0xC0, 0xC0, 0xC0, 0xC0, 0xC0, 0xC0, 0xC0, 0xC0, 0xC0, 0xC0, 0xC0, 0xC0, 0xC0, 0xC0, 0xC0, 0xC0, 0xC0, 0xC0, 0xF0, 0xF8, 0x18,
    0x18, 0x18, 0x18, 0x18, 0x0F, 0x0F, 0x1C, 0x18, 0x18, 0x18, 0x18, 0x18, 0xF8, 0xF0, 0x7C, 0x20, 0xFF, 0xE0, 0x87, 0xC0, 0xC0, 0xC0, 0xC0, 0xC0,
    0xC0, 0xC0, 0xC0, 0xC0, 0xC0, 0xC0, 0xC0, 0x00, 0x00, 0xC0, 0xC0, 0xCC, 0xCC, 0xCC, 0xCC, 0xCC, 0x02, 0x30, 0x06, 0x30, 0x06, 0x20, 0x04, 0x60,
    0x7F, 0xFC, 0x7F, 0xFC, 0x0C, 0x40, 0x0C, 0xC0, 0x08, 0xC0, 0xFF, 0xF8, 0xFF, 0xF8, 0x18, 0x80, 0x11, 0x80, 0x31, 0x80, 0x31, 0x00, 0x08, 0x00,
    0x08, 0x00, 0x3E, 0x00, 0x7F, 0x00, 0xE9, 0x00, 0xC8, 0x00, 0xC8, 0x00, 0x7C, 0x00, 0x3F, 0x00, 0x0B, 0x80, 0x09, 0x80, 0x09, 0x80, 0x8B, 0x80,
    0xFF, 0x00, 0x7E, 0x00, 0x08, 0x00, 0x08, 0x00, 0x08, 0x00, 0x38, 0x08, 0x00, 0x6C, 0x08, 0x00, 0xC6, 0x10, 0x00, 0xC6, 0x30, 0x00, 0xC6, 0x20,
    0x00, 0xC6, 0x40, 0x00, 0x6C, 0x40, 0x00, 0x38, 0x8E, 0x00, 0x01, 0x1B, 0x00, 0x01, 0x31, 0x80, 0x02, 0x31, 0x80, 0x06, 0x31, 0x80, 0x04, 0x31,
    0x80, 0x08, 0x1B, 0x00, 0x08, 0x0E, 0x00, 0x0F, 0x00, 0x1F, 0x80, 0x38, 0x80, 0x30, 0x00, 0x30, 0x00, 0x38, 0x00, 0x3C, 0x00, 0x7E, 0x18, 0xE7,
    0x38, 0xC3, 0xB0, 0xC1, 0xF0, 0xC0, 0xE0, 0x71, 0xF0, 0x7F, 0xB8, 0x1E, 0x1C, 0xC0, 0xC0, 0xC0, 0xC0, 0xC0, 0x30, 0x20, 0x60, 0x60, 0x40, 0xC0,
    0xC0, 0xC0, 0xC0, 0xC0, 0xC0, 0xC0, 0xC0, 0x60, 0x60, 0x60, 0x20, 0x30, 0xC0, 0x40, 0x60, 0x60, 0x20, 0x30, 0x30, 0x30, 0x30, 0x30, 0x30, 0x30,
    0x30, 0x60, 0x60, 0x60, 0x40, 0xC0, 0x08, 0x00, 0x08, 0x00, 0x88, 0x80, 0x6B, 0x00, 0x1C, 0x00, 0x1C, 0x00, 0x6B, 0x00, 0x88, 0x80, 0x08, 0x00,
    0x08, 0x00, 0x06, 0x00, 0x06, 0x00, 0x06, 0x00, 0x06, 0x00, 0x06, 0x00, 0xFF, 0xF0, 0xFF, 0xF0, 0x06, 0x00, 0x06, 0x00, 0x06, 0x00, 0x06, 0x00,
    0x06, 0x00, 0x60, 0x60, 0x60, 0xC0, 0x80, 0xF8, 0xF8, 0xC0, 0xC0, 0x06, 0x0E, 0x0C, 0x0C, 0x0C, 0x18, 0x18, 0x18, 0x30, 0x30, 0x30, 0x60, 0x60,
    0x60, 0xE0, 0xC0, 0x1E, 0x00, 0x3F, 0x00, 0x61, 0x80, 0x61, 0x80, 0xC0, 0xC0, 0xC0, 0xC0, 0xC0, 0xC0, 0xC0, 0xC0, 0xC0, 0xC0, 0xC0, 0xC0, 0xC0,
    0xC0, 0x61, 0x80, 0x61, 0x80, 0x3F, 0x00, 0x1E, 0x00, 0x3C, 0x00, 0xFC, 0x00, 0xCC, 0x00, 0x0C, 0x00, 0x0C, 0x00, 0x0C, 0x00, 0x0C, 0x00, 0x0C,
    0x00, 0x0C, 0x00, 0x0C, 0x00, 0x0C, 0x00, 0x0C, 0x00, 0x0C, 0x00, 0x7F, 0x80, 0x7F, 0x80, 0x7E, 0x00, 0xFF, 0x00, 0x83, 0x80, 0x01, 0x80, 0x01,
    0x80, 0x01, 0x80, 0x03, 0x00, 0x07, 0x00, 0x0E, 0x00, 0x0C, 0x00, 0x38, 0x00, 0x70, 0x00, 0xE0, 0x00, 0xFF, 0x80, 0xFF, 0x80, 0x7E, 0x00, 0xFF,
    0x00, 0x83, 0x80, 0x01, 0x80, 0x01, 0x80, 0x03, 0x80, 0x1E, 0x00, 0x1F, 0x00, 0x01, 0x80, 0x00, 0xC0, 0x00, 0xC0, 0x00, 0xC0, 0x81, 0xC0, 0xFF,
    0x80, 0x7E, 0x00, 0x03, 0x80, 0x07, 0x80, 0x05, 0x80, 0x0D, 0x80, 0x09, 0x80, 0x19, 0x80, 0x31, 0x80, 0x21, 0x80, 0x61, 0x80, 0xC1, 0x80, 0xFF,
    0xE0, 0xFF, 0xE0, 0x01, 0x80, 0x01, 0x80, 0x01, 0x80, 0x7F, 0x00, 0x7F, 0x00, 0x60, 0x00, 0x60, 0x00, 0x60, 0x00, 0x7E, 0x00, 0x7F, 0x00, 0x43,
    0x80, 0x01, 0x80, 0x01, 0x80, 0x01, 0x80, 0x01, 0x80, 0x83, 0x00, 0xFF, 0x00, 0x7C, 0x00, 0x0F, 0x00, 0x3F, 0x80, 0x70, 0x80, 0x60, 0x00, 0xE0,
    0x00, 0xC0, 0x00, 0xCF, 0x00, 0xFF, 0x80, 0xE1, 0xC0, 0xC0, 0xC0, 0xC0, 0xC0, 0xC0, 0xC0, 0x61, 0xC0, 0x7F, 0x80, 0x1F, 0x00, 0xFF, 0xC0, 0xFF,
    0xC0, 0x01, 0x80, 0x01, 0x80, 0x01, 0x80, 0x03, 0x00, 0x03, 0x00, 0x03, 0x00, 0x06, 0x00, 0x06, 0x00, 0x06, 0x00, 0x0C, 0x00, 0x0C, 0x00, 0x0C,
    0x00, 0x18, 0x00, 0x3F, 0x00, 0x7F, 0x80, 0xE1, 0xC0, 0xC0, 0xC0, 0xC0, 0xC0, 0x61, 0x80, 0x3F, 0x00, 0x7F, 0x80, 0x61, 0x80, 0xC0, 0xC0, 0xC0,
    0xC0, 0xC0, 0xC0, 0xE1, 0xC0, 0x7F, 0x80, 0x3F, 0x00, 0x3E, 0x00, 0x7F, 0x80, 0xE1, 0x80, 0xC0, 0xC0, 0xC0, 0xC0, 0xC0, 0xC0, 0xE1, 0xC0, 0x7F,
    0xC0, 0x3C, 0xC0, 0x00, 0xC0, 0x01, 0xC0, 0x01, 0x80, 0x43, 0x80, 0x7F, 0x00, 0x3C, 0x00, 0xC0, 0xC0, 0x00, 0x00, 0x00, 0x00, 0x00, 0x00, 0xC0,
    0xC0, 0x60, 0x60, 0x00, 0x00, 0x00, 0x00, 0x00, 0x00, 0x60, 0x60, 0x60, 0xC0, 0x80, 0x00, 0x08, 0x00, 0x78, 0x03, 0xF0, 0x1F, 0x80, 0xFC, 0x00,
    0xF0, 0x00, 0xFC, 0x00, 0x1F, 0x80, 0x03, 0xF0, 0x00, 0x78, 0x00, 0x08, 0xFF, 0xF8, 0xFF, 0xF8, 0x00, 0x00, 0x00, 0x00, 0xFF, 0xF8, 0xFF, 0xF8,
    0x80, 0x00, 0xF0, 0x00, 0x7E, 0x00, 0x0F, 0xC0, 0x01, 0xF8, 0x00, 0x78, 0x01, 0xF8, 0x0F, 0xC0, 0x7E, 0x00, 0xF0, 0x00, 0x80, 0x00, 0x7C, 0xFE,
    0x87, 0x03, 0x03, 0x07, 0x0E, 0x1C, 0x38, 0x30, 0x30, 0x30, 0x00, 0x30, 0x30, 0x03, 0xF0, 0x00, 0x0F, 0xFE, 0x00, 0x1E, 0x0F, 0x00, 0x38, 0x03,
    0x80, 0x70, 0x01, 0x80, 0x61, 0xD8, 0xC0, 0xC3, 0xF8, 0xC0, 0xC7, 0x38, 0xC0, 0xC6, 0x18, 0xC0, 0xC6, 0x19, 0xC0, 0xC7, 0x3B, 0x80, 0xC3, 0xFF,
    0x00, 0x61, 0xDC, 0x00, 0x70, 0x00, 0x00, 0x38, 0x04, 0x00, 0x1C, 0x1C, 0x00, 0x0F, 0xF8, 0x00, 0x03, 0xE0, 0x00, 0x07, 0x00, 0x07, 0x00, 0x07,
    0x00, 0x0D, 0x80, 0x0D, 0x80, 0x1D, 0xC0, 0x18, 0xC0, 0x18, 0xC0, 0x30, 0x60, 0x30, 0x60, 0x3F, 0xE0, 0x7F, 0xF0, 0x60, 0x30, 0x60, 0x30, 0xC0,
    0x18, 0xFE, 0x00, 0xFF, 0x00, 0xC3, 0x80, 0xC1, 0x80, 0xC1, 0x80, 0xC3, 0x80, 0xFF, 0x00, 0xFF, 0x00, 0xC1, 0x80, 0xC0, 0xC0, 0xC0, 0xC0, 0xC0,
    0xC0, 0xC1, 0xC0, 0xFF, 0x80, 0xFF, 0x00, 0x0F, 0xE0, 0x3F, 0xF0, 0x38, 0x10, 0x60, 0x00, 0xE0, 0x00, 0xC0, 0x00, 0xC0, 0x00, 0xC0, 0x00, 0xC0,
    0x00, 0xC0, 0x00, 0xE0, 0x00, 0x60, 0x00, 0x38, 0x10, 0x3F, 0xF0, 0x0F, 0xE0, 0xFF, 0x00, 0xFF, 0xC0, 0xC1, 0xE0, 0xC0, 0x60, 0xC0, 0x70, 0xC0,
    0x30, 0xC0, 0x30, 0xC0, 0x30, 0xC0, 0x30, 0xC0, 0x30, 0xC0, 0x70, 0xC0, 0x60, 0xC1, 0xE0, 0xFF, 0xC0, 0xFF, 0x00, 0xFF, 0x80, 0xFF, 0x80, 0xC0,
    0x00, 0xC0, 0x00, 0xC0, 0x00, 0xC0, 0x00, 0xFF, 0x80, 0xFF, 0x80, 0xC0, 0x00, 0xC0, 0x00, 0xC0, 0x00, 0xC0, 0x00, 0xC0, 0x00, 0xFF, 0x80, 0xFF,
    0x80, 0xFF, 0xFF, 0xC0, 0xC0, 0xC0, 0xC0, 0xFE, 0xFE, 0xC0, 0xC0, 0xC0, 0xC0, 0xC0, 0xC0, 0xC0, 0x0F, 0xE0, 0x3F, 0xF0, 0x78, 0x10, 0x60, 0x00,
    0xE0, 0x00, 0xC0, 0x00, 0xC0, 0x00, 0xC0, 0xF8, 0xC0, 0xF8, 0xC0, 0x18, 0xE0, 0x18, 0x60, 0x18, 0x38, 0x18, 0x1F, 0xF0, 0x0F, 0xC0, 0xC0, 0x60,
    0xC0, 0x60, 0xC0, 0x60, 0xC0, 0x60, 0xC0, 0x60, 0xC0, 0x60, 0xFF, 0xE0, 0xFF, 0xE0, 0xC0, 0x60, 0xC0, 0x60, 0xC0, 0x60, 0xC0, 0x60, 0xC0, 0x60,
    0xC0, 0x60, 0xC0, 0x60, 0xC0, 0xC0, 0xC0, 0xC0, 0xC0, 0xC0, 0xC0, 0xC0, 0xC0, 0xC0, 0xC0, 0xC0, 0xC0, 0xC0, 0xC0, 0x18, 0x18, 0x18, 0x18, 0x18,
    0x18, 0x18, 0x18, 0x18, 0x18, 0x18, 0x18, 0x18, 0x18, 0x18, 0x18, 0x38, 0xF0, 0xE0, 0xC1, 0xC0, 0xC3, 0x80, 0xC7, 0x00, 0xCE, 0x00, 0xDC, 0x00,
    0xF8, 0x00, 0xF0, 0x00, 0xF0, 0x00, 0xF8, 0x00, 0xDC, 0x00, 0xCE, 0x00, 0xC7, 0x00, 0xC3, 0x80, 0xC1, 0xC0, 0xC0, 0xE0, 0xC0, 0x00, 0xC0, 0x00,
    0xC0, 0x00, 0xC0, 0x00, 0xC0, 0x00, 0xC0, 0x00, 0xC0, 0x00, 0xC0, 0x00, 0xC0, 0x00, 0xC0, 0x00, 0xC0, 0x00, 0xC0, 0x00, 0xC0, 0x00, 0xFF, 0x80,
    0xFF, 0x80, 0xF0, 0x78, 0xF0, 0x78, 0xF0, 0x78, 0xD8, 0xD8, 0xD8, 0xD8, 0xD8, 0xD8, 0xCD, 0x98, 0xCD, 0x98, 0xCD, 0x98, 0xC7, 0x18, 0xC7, 0x18,
    0xC7, 0x18, 0xC0, 0x18, 0xC0, 0x18, 0xC0, 0x18, 0xE0, 0x60, 0xF0, 0x60, 0xF0, 0x60, 0xF8, 0x60, 0xD8, 0x60, 0xDC, 0x60, 0xCC, 0x60, 0xCE, 0x60,
    0xC6, 0x60, 0xC7, 0x60, 0xC3, 0x60, 0xC3, 0xE0, 0xC1, 0xE0, 0xC0, 0xE0, 0xC0, 0xE0, 0x0F, 0xC0, 0x3F, 0xF0, 0x38, 0x70, 0x60, 0x18, 0xE0, 0x1C,
    0xC0, 0x0C, 0xC0, 0x0C, 0xC0, 0x0C, 0xC0, 0x0C, 0xC0, 0x0C, 0xE0, 0x1C, 0x60, 0x18, 0x38, 0x70, 0x3F, 0xF0, 0x0F, 0xC0, 0xFE, 0x00, 0xFF, 0x00,
    0xC3, 0x80, 0xC1, 0x80, 0xC1, 0x80, 0xC1, 0x80, 0xC3, 0x80, 0xFF, 0x00, 0xFE, 0x00, 0xC0, 0x00, 0xC0, 0x00, 0xC0, 0x00, 0xC0, 0x00, 0xC0, 0x00,
    0xC0, 0x00, 0x0F, 0xC0, 0x3F, 0xF0, 0x38, 0x78, 0x60, 0x18, 0xE0, 0x1C, 0xC0, 0x0C, 0xC0, 0x0C, 0xC0, 0x0C, 0xC0, 0x0C, 0xC0, 0x0C, 0xE0, 0x1C,
    0x60, 0x18, 0x38, 0x70, 0x3F, 0xE0, 0x0F, 0xC0, 0x00, 0xE0, 0x00, 0x70, 0x00, 0x30, 0xFE, 0x00, 0xFF, 0x00, 0xC3, 0x80, 0xC1, 0x80, 0xC1, 0x80,
    0xC3, 0x80, 0xFF, 0x00, 0xFE, 0x00, 0xC7, 0x00, 0xC3, 0x80, 0xC1, 0x80, 0xC1, 0x80, 0xC0, 0xC0, 0xC0, 0xC0, 0xC0, 0x60, 0x3F, 0x00, 0x7F, 0x80,
    0xE0, 0x80, 0xC0, 0x00, 0xC0, 0x00, 0xE0, 0x00, 0x7C, 0x00, 0x3F, 0x00, 0x03, 0x80, 0x00, 0xC0, 0x00, 0xC0, 0x00, 0xC0, 0x81, 0xC0, 0xFF, 0x80,
    0x7F, 0x00, 0xFF, 0xF0, 0xFF, 0xF0, 0x06, 0x00, 0x06, 0x00, 0x06, 0x00, 0x06, 0x00, 0x06, 0x00, 0x06, 0x00, 0x06, 0x00, 0x06, 0x00, 0x06, 0x00,
    0x06, 0x00, 0x06, 0x00, 0x06, 0x00, 0x06, 0x00, 0xC0, 0x60, 0xC0, 0x60, 0xC0, 0x60, 0xC0, 0x60, 0xC0, 0x60, 0xC0, 0x60, 0xC0, 0x60, 0xC0, 0x60,
    0xC0, 0x60, 0xC0, 0x60, 0xC0, 0x60, 0xE0, 0xE0, 0x60, 0xC0, 0x7F, 0xC0, 0x1F, 0x00, 0xC0, 0x18, 0x60, 0x30, 0x60, 0x30, 0x60, 0x30, 0x30, 0x60,
    0x30, 0x60, 0x30, 0x60, 0x18, 0xC0, 0x18, 0xC0, 0x1D, 0xC0, 0x0D, 0x80, 0x0D, 0x80, 0x07, 0x00, 0x07, 0x00, 0x07, 0x00, 0xC1, 0xE0, 0xC0, 0xC1,
    0xE0, 0xC0, 0x61, 0xE1, 0x80, 0x61, 0xE1, 0x80, 0x63, 0x31, 0x80, 0x63, 0x31, 0x80, 0x33, 0x33, 0x00, 0x33, 0x33, 0x00, 0x36, 0x1B, 0x00, 0x36,
    0x1B, 0x00, 0x3E, 0x1E, 0x00, 0x1E, 0x1E, 0x00, 0x1E, 0x1E, 0x00, 0x1C, 0x0E, 0x00, 0x1C, 0x0E, 0x00, 0x70, 0x70, 0x30, 0x60, 0x38, 0xC0, 0x19,
    0xC0, 0x0D, 0x80, 0x0F, 0x00, 0x07, 0x00, 0x07, 0x00, 0x0F, 0x00, 0x0F, 0x80, 0x19, 0x80, 0x38, 0xC0, 0x30, 0xE0, 0x60, 0x60, 0xE0, 0x70, 0xE0,
    0x70, 0x60, 0x60, 0x30, 0xC0, 0x39, 0xC0, 0x19, 0x80, 0x1F, 0x80, 0x0F, 0x00, 0x06, 0x00, 0x06, 0x00, 0x06, 0x00, 0x06, 0x00, 0x06, 0x00, 0x06,
    0x00, 0x06, 0x00, 0x06, 0x00, 0xFF, 0xF0, 0xFF, 0xF0, 0x00, 0x60, 0x00, 0xC0, 0x01, 0xC0, 0x03, 0x80, 0x07, 0x00, 0x06, 0x00, 0x0C, 0x00, 0x1C,
    0x00, 0x38, 0x00, 0x30, 0x00, 0x60, 0x00, 0xFF, 0xF0, 0xFF, 0xF0, 0xF0, 0xF0, 0xC0, 0xC0, 0xC0, 0xC0, 0xC0, 0xC0, 0xC0, 0xC0, 0xC0, 0xC0, 0xC0,
    0xC0, 0xC0, 0xC0, 0xF0, 0xF0, 0xC0, 0xE0, 0x60, 0x60, 0x60, 0x30, 0x30, 0x30, 0x18, 0x18, 0x18, 0x0C, 0x0C, 0x0C, 0x0E, 0x06, 0xF0, 0xF0, 0x30,
    0x30, 0x30, 0x30, 0x30, 0x30, 0x30, 0x30, 0x30, 0x30, 0x30, 0x30, 0x30, 0x30, 0xF0, 0xF0, 0x0E, 0x00, 0x1B, 0x00, 0x31, 0x80, 0x60, 0xC0, 0xC0,
    0x60, 0xFF, 0xC0, 0xFF, 0xC0, 0xC0, 0x60, 0x30, 0x18, 0x3E, 0x00, 0x7F, 0x00, 0x43, 0x80, 0x01, 0x80, 0x3F, 0x80, 0x7F, 0x80, 0xC1, 0x80, 0xC1,
    0x80, 0xC3, 0x80, 0xFF, 0x80, 0x7D, 0x80, 0xC0, 0x00, 0xC0, 0x00, 0xC0, 0x00, 0xC0, 0x00, 0xDF, 0x00, 0xFF, 0x80, 0xE1, 0x80, 0xC0, 0xC0, 0xC0,
    0xC0, 0xC0, 0xC0, 0xC0, 0xC0, 0xC0, 0xC0, 0xE1, 0x80, 0xFF, 0x80, 0xDF, 0x00, 0x1F, 0x00, 0x7F, 0x80, 0x70, 0x80, 0xE0, 0x00, 0xC0, 0x00, 0xC0,
    0x00, 0xC0, 0x00, 0xE0, 0x00, 0x70, 0x80, 0x7F, 0x80, 0x1F, 0x00, 0x00, 0xC0, 0x00, 0xC0, 0x00, 0xC0, 0x00, 0xC0, 0x3E, 0xC0, 0x7F, 0xC0, 0x61,
    0xC0, 0xC0, 0xC0, 0xC0, 0xC0, 0xC0, 0xC0, 0xC0, 0xC0, 0xC0, 0xC0, 0x61, 0xC0, 0x7F, 0xC0, 0x3E, 0xC0, 0x1F, 0x00, 0x7F, 0x80, 0x61, 0xC0, 0xC0,
    0xC0, 0xFF, 0xC0, 0xFF, 0xC0, 0xC0, 0x00, 0xC0, 0x00, 0x70, 0x40, 0x3F, 0xC0, 0x1F, 0x80, 0x1E, 0x3E, 0x30, 0x30, 0xFE, 0xFE, 0x30, 0x30, 0x30,
    0x30, 0x30, 0x30, 0x30, 0x30, 0x30, 0x3E, 0xC0, 0x7F, 0xC0, 0x61, 0xC0, 0xC0, 0xC0, 0xC0, 0xC0, 0xC0, 0xC0, 0xC0, 0xC0, 0xC0, 0xC0, 0x61, 0xC0,
    0x7F, 0xC0, 0x3E, 0xC0, 0x00, 0xC0, 0x41, 0x80, 0x7F, 0x80, 0x3E, 0x00, 0xC0, 0x00, 0xC0, 0x00, 0xC0, 0x00, 0xC0, 0x00, 0xDE, 0x00, 0xFF, 0x00,
    0xE3, 0x80, 0xC1, 0x80, 0xC1, 0x80, 0xC1, 0x80, 0xC1, 0x80, 0xC1, 0x80, 0xC1, 0x80, 0xC1, 0x80, 0xC1, 0x80, 0xC0, 0xC0, 0x00, 0x00, 0xC0, 0xC0,
    0xC0, 0xC0, 0xC0, 0xC0, 0xC0, 0xC0, 0xC0, 0xC0, 0xC0, 0x30, 0x30, 0x00, 0x00, 0x30, 0x30, 0x30, 0x30, 0x30, 0x30, 0x30, 0x30, 0x30, 0x30, 0x30,
    0x30, 0x30, 0xE0, 0xE0, 0xC0, 0x00, 0xC0, 0x00, 0xC0, 0x00, 0xC0, 0x00, 0xC3, 0x80, 0xC7, 0x00, 0xCE, 0x00, 0xDC, 0x00, 0xF8, 0x00, 0xF0, 0x00,
    0xF8, 0x00, 0xDC, 0x00, 0xCE, 0x00, 0xC7, 0x00, 0xC3, 0x80, 0xC0, 0xC0, 0xC0, 0xC0, 0xC0, 0xC0, 0xC0, 0xC0, 0xC0, 0xC0, 0xC0, 0xC0, 0xC0, 0xC0,
    0xC0, 0xDE, 0x3C, 0xFF, 0x7E, 0xE3, 0xC7, 0xC1, 0x83, 0xC1, 0x83, 0xC1, 0x83, 0xC1, 0x83, 0xC1, 0x83, 0xC1, 0x83, 0xC1, 0x83, 0xC1, 0x83, 0xDE,
    0x00, 0xFF, 0x00, 0xE3, 0x80, 0xC1, 0x80, 0xC1, 0x80, 0xC1, 0x80, 0xC1, 0x80, 0xC1, 0x80, 0xC1, 0x80, 0xC1, 0x80, 0xC1, 0x80, 0x1E, 0x00, 0x7F,
    0x80, 0x61, 0x80, 0xC0, 0xC0, 0xC0, 0xC0, 0xC0, 0xC0, 0xC0, 0xC0, 0xC0, 0xC0, 0x61, 0x80, 0x7F, 0x80, 0x1E, 0x00, 0xDF, 0x00, 0xFF, 0x80, 0xE1,
    0x80, 0xC0, 0xC0, 0xC0, 0xC0, 0xC0, 0xC0, 0xC0, 0xC0, 0xC0, 0xC0, 0xE1, 0x80, 0xFF, 0x80, 0xDF, 0x00, 0xC0, 0x00, 0xC0, 0x00, 0xC0, 0x00, 0xC0,
    0x00, 0x3E, 0xC0, 0x7F, 0xC0, 0x61, 0xC0, 0xC0, 0xC0, 0xC0, 0xC0, 0xC0, 0xC0, 0xC0, 0xC0, 0xC0, 0xC0, 0x61, 0xC0, 0x7F, 0xC0, 0x3E, 0xC0, 0x00,
    0xC0, 0x00, 0xC0, 0x00, 0xC0, 0x00, 0xC0, 0xDC, 0xFC, 0xE0, 0xC0, 0xC0, 0xC0, 0xC0, 0xC0, 0xC0, 0xC0, 0xC0, 0x3E, 0xFF, 0xC1, 0xC0, 0xFC, 0x3E,
    0x07, 0x03, 0x83, 0xFF, 0x7C, 0x60, 0x60, 0x60, 0xFE, 0xFE, 0x60, 0x60, 0x60, 0x60, 0x60, 0x60, 0x60, 0x7E, 0x3E, 0xC1, 0x80, 0xC1, 0x80, 0xC1,
    0x80, 0xC1, 0x80, 0xC1, 0x80, 0xC1, 0x80, 0xC1, 0x80, 0xC1, 0x80, 0xE3, 0x80, 0x7F, 0x80, 0x3D, 0x80, 0xC0, 0x60, 0x60, 0xC0, 0x60, 0xC0, 0x60,
    0xC0, 0x31, 0x80, 0x31, 0x80, 0x1B, 0x00, 0x1B, 0x00, 0x1B, 0x00, 0x0E, 0x00, 0x0E, 0x00, 0xC3, 0x86, 0xC3, 0x86, 0x62, 0x8C, 0x66, 0xCC, 0x66,
    0xCC, 0x66, 0xCC, 0x34, 0x58, 0x3C, 0x78, 0x3C, 0x78, 0x18, 0x30, 0x18, 0x30, 0xE0, 0xE0, 0x71, 0xC0, 0x3B, 0x80, 0x1B, 0x00, 0x0E, 0x00, 0x0E,
    0x00, 0x1F, 0x00, 0x1B, 0x00, 0x31, 0x80, 0x71, 0xC0, 0xE0, 0xE0, 0xC0, 0x60, 0x60, 0xC0, 0x60, 0xC0, 0x71, 0x80, 0x31, 0x80, 0x3B, 0x80, 0x1B,
    0x00, 0x1B, 0x00, 0x0E, 0x00, 0x0E, 0x00, 0x0C, 0x00, 0x0C, 0x00, 0x1C, 0x00, 0x78, 0x00, 0x70, 0x00, 0xFF, 0x80, 0xFF, 0x80, 0x03, 0x00, 0x06,
    0x00, 0x0E, 0x00, 0x1C, 0x00, 0x38, 0x00, 0x30, 0x00, 0x70, 0x00, 0xFF, 0x80, 0xFF, 0x80, 0x0F, 0x1F, 0x18, 0x18, 0x18, 0x18, 0x18, 0x18, 0xF0,
    0xF0, 0x38, 0x18, 0x18, 0x18, 0x18, 0x18, 0x1F, 0x0F, 0xC0, 0xC0, 0xC0, 0xC0, 0xC0, 0xC0, 0xC0, 0xC0, 0xC0, 0xC0, 0xC0, 0xC0, 0xC0, 0xC0, 0xC0,
    0xC0, 0xC0, 0xC0, 0xC0, 0xC0, 0xF0, 0xF8, 0x18, 0x18, 0x18, 0x18, 0x18, 0x18, 0x0F, 0x0F, 0x1C, 0x18, 0x18, 0x18, 0x18, 0x18, 0xF8, 0xF0, 0x3E,
    0x08, 0xFF, 0xF8, 0xC3, 0xE0, 0xC0, 0xC0, 0xC0, 0xC0, 0xC0, 0xC0, 0xC0, 0xC0, 0xC0, 0xC0, 0xC0, 0xC0, 0x00, 0x00, 0x00, 0xC0, 0xC0, 0xC0, 0xCC,
    0xCC, 0xCC, 0xCC, 0xCC, 0xCC, 0xCC, 0x03, 0x0C, 0x03, 0x18, 0x03, 0x18, 0x03, 0x18, 0x02, 0x18, 0x7F, 0xFF, 0x7F, 0xFF, 0x06, 0x30, 0x04, 0x30,
    0x0C, 0x20, 0x0C, 0x60, 0xFF, 0xFE, 0xFF, 0xFE, 0x18, 0x60, 0x18, 0xC0, 0x18, 0xC0, 0x18, 0xC0, 0x10, 0xC0, 0x04, 0x00, 0x04, 0x00, 0x04, 0x00,
    0x1F, 0x80, 0x7F, 0xC0, 0xE4, 0x40, 0xC4, 0x00, 0xC4, 0x00, 0xE4, 0x00, 0x7C, 0x00, 0x3F, 0x80, 0x07, 0xC0, 0x04, 0xE0, 0x04, 0x60, 0x04, 0x60,
    0x84, 0xE0, 0xFF, 0xC0, 0x7F, 0x00, 0x04, 0x00, 0x04, 0x00, 0x04, 0x00, 0x04, 0x00, 0x3C, 0x03, 0x00, 0x66, 0x06, 0x00, 0xC3, 0x06, 0x00, 0xC3,
    0x0C, 0x00, 0xC3, 0x1C, 0x00, 0xC3, 0x18, 0x00, 0xC3, 0x38, 0x00, 0xC3, 0x30, 0x00, 0x66, 0x63, 0xC0, 0x3C, 0x66, 0x60, 0x00, 0xCC, 0x30, 0x01,
    0xCC, 0x30, 0x01, 0x8C, 0x30, 0x03, 0x8C, 0x30, 0x03, 0x0C, 0x30, 0x06, 0x0C, 0x30, 0x06, 0x06, 0x60, 0x0C, 0x03, 0xC0, 0x0F, 0xC0, 0x1F, 0xE0,
    0x38, 0x20, 0x30, 0x00, 0x30, 0x00, 0x30, 0x00, 0x38, 0x00, 0x1C, 0x00, 0x3E, 0x00, 0x77, 0x06, 0xE3, 0x86, 0xC1, 0xCC, 0xC0, 0xEC, 0xC0, 0x78,
    0xE0, 0x38, 0x70, 0xFC, 0x3F, 0xEE, 0x1F, 0x87, 0xC0, 0xC0, 0xC0, 0xC0, 0xC0, 0xC0, 0xC0, 0x18, 0x30, 0x30, 0x60, 0x60, 0x60, 0xC0, 0xC0, 0xC0,
    0xC0, 0xC0, 0xC0, 0xC0, 0xC0, 0xC0, 0x60, 0x60, 0x60, 0x30, 0x30, 0x18, 0xC0, 0x60, 0x60, 0x30, 0x30, 0x30, 0x18, 0x18, 0x18, 0x18, 0x18, 0x18,
    0x18, 0x18, 0x18, 0x30, 0x30, 0x30, 0x60, 0x60, 0xC0, 0x04, 0x00, 0x04, 0x00, 0xC4, 0x60, 0x75, 0xC0, 0x1F, 0x00, 0x1F, 0x00, 0x75, 0xC0, 0xC4,
    0x60, 0x04, 0x00, 0x04, 0x00, 0x01, 0x80, 0x01, 0x80, 0x01, 0x80, 0x01, 0x80, 0x01, 0x80, 0x01, 0x80, 0x01, 0x80, 0xFF, 0xFF, 0xFF, 0xFF, 0x01,
    0x80, 0x01, 0x80, 0x01, 0x80, 0x01, 0x80, 0x01, 0x80, 0x01, 0x80, 0x01, 0x80, 0x60, 0x60, 0x60, 0x60, 0xC0, 0xC0, 0xFC, 0xFC, 0xC0, 0xC0, 0xC0,
    0x03, 0x07, 0x06, 0x06, 0x06, 0x0C, 0x0C, 0x0C, 0x18, 0x18, 0x18, 0x18, 0x30, 0x30, 0x30, 0x60, 0x60, 0x60, 0xE0, 0xC0, 0x0F, 0x00, 0x3F, 0xC0,
    0x70, 0xE0, 0x60, 0x60, 0x60, 0x60, 0xC0, 0x30, 0xC0, 0x30, 0xC0, 0x30, 0xC0, 0x30, 0xC0, 0x30, 0xC0, 0x30, 0xC0, 0x30, 0xC0, 0x30, 0x60, 0x60,
    0x60, 0x60, 0x70, 0xE0, 0x3F, 0xC0, 0x0F, 0x00, 0x3C, 0x00, 0xFC, 0x00, 0xCC, 0x00, 0x0C, 0x00, 0x0C, 0x00, 0x0C, 0x00, 0x0C, 0x00, 0x0C, 0x00,
    0x0C, 0x00, 0x0C, 0x00, 0x0C, 0x00, 0x0C, 0x00, 0x0C, 0x00, 0x0C, 0x00, 0x0C, 0x00, 0x0C, 0x00, 0xFF, 0xC0, 0xFF, 0xC0, 0x3F, 0x00, 0xFF, 0xC0,
    0xC1, 0xC0, 0x00, 0xE0, 0x00, 0x60, 0x00, 0x60, 0x00, 0x60, 0x00, 0xC0, 0x01, 0xC0, 0x01, 0x80, 0x03, 0x00, 0x06, 0x00, 0x0C, 0x00, 0x18, 0x00,
    0x30, 0x00, 0xE0, 0x00, 0xFF, 0xE0, 0xFF, 0xE0, 0x3F, 0x00, 0x7F, 0xC0, 0x40, 0xC0, 0x00, 0x60, 0x00, 0x60, 0x00, 0x60, 0x00, 0x60, 0x00, 0xC0,
    0x1F, 0x80, 0x1F, 0xC0, 0x00, 0xE0, 0x00, 0x70, 0x00, 0x30, 0x00, 0x30, 0x00, 0x30, 0x80, 0xE0, 0xFF, 0xC0, 0x7F, 0x00, 0x01, 0xC0, 0x03, 0xC0,
    0x02, 0xC0, 0x06, 0xC0, 0x0C, 0xC0, 0x0C, 0xC0, 0x18, 0xC0, 0x38, 0xC0, 0x30, 0xC0, 0x60, 0xC0, 0x60, 0xC0, 0xC0, 0xC0, 0xFF, 0xF8, 0xFF, 0xF8,
    0x00, 0xC0, 0x00, 0xC0, 0x00, 0xC0, 0x00, 0xC0, 0x7F, 0xC0, 0x7F, 0xC0, 0x60, 0x00, 0x60, 0x00, 0x60, 0x00, 0x60, 0x00, 0x7F, 0x00, 0x7F, 0x80,
    0x41, 0xC0, 0x00, 0xE0, 0x00, 0x60, 0x00, 0x60, 0x00, 0x60, 0x00, 0x60, 0x00, 0xE0, 0x81, 0xC0, 0xFF, 0x80, 0x7E, 0x00, 0x07, 0xC0, 0x1F, 0xE0,
    0x38, 0x20, 0x70, 0x00, 0x60, 0x00, 0xC0, 0x00, 0xCF, 0x80, 0xDF, 0xC0, 0xF8, 0xE0, 0xF0, 0x70, 0xE0, 0x30, 0xE0, 0x30, 0xE0, 0x30, 0x60, 0x30,
    0x70, 0x70, 0x78, 0xE0, 0x3F, 0xC0, 0x0F, 0x80, 0xFF, 0xE0, 0xFF, 0xE0, 0x00, 0xC0, 0x00, 0xC0, 0x01, 0xC0, 0x01, 0x80, 0x01, 0x80, 0x03, 0x00,
    0x03, 0x00, 0x07, 0x00, 0x06, 0x00, 0x06, 0x00, 0x0C, 0x00, 0x0C, 0x00, 0x1C, 0x00, 0x18, 0x00, 0x18, 0x00, 0x30, 0x00, 0x1F, 0x80, 0x7F, 0xE0,
    0x60, 0xE0, 0xC0, 0x30, 0xC0, 0x30, 0xC0, 0x30, 0xC0, 0x30, 0x70, 0xE0, 0x3F, 0xC0, 0x3F, 0xC0, 0x70, 0xE0, 0xC0, 0x30, 0xC0, 0x30, 0xC0, 0x30,
    0xC0, 0x30, 0x70, 0xE0, 0x7F, 0xE0, 0x1F, 0x80, 0x1F, 0x00, 0x3F, 0xC0, 0x71, 0xE0, 0xE0, 0xE0, 0xC0, 0x60, 0xC0, 0x70, 0xC0, 0x70, 0xC0, 0x70,
    0xE0, 0xF0, 0x71, 0xF0, 0x3F, 0xB0, 0x1F, 0x30, 0x00, 0x30, 0x00, 0x60, 0x00, 0xE0, 0x41, 0xC0, 0x7F, 0x80, 0x3F, 0x00, 0xC0, 0xC0, 0xC0, 0x00,
    0x00, 0x00, 0x00, 0x00, 0x00, 0xC0, 0xC0, 0xC0, 0x60, 0x60, 0x60, 0x00, 0x00, 0x00, 0x00, 0x00, 0x00, 0x60, 0x60, 0x60, 0x60, 0xC0, 0xC0, 0x00,
    0x02, 0x00, 0x1E, 0x00, 0xFC, 0x07, 0xE0, 0x1F, 0x80, 0xFC, 0x00, 0xE0, 0x00, 0xFC, 0x00, 0x1F, 0x80, 0x07, 0xE0, 0x00, 0xFC, 0x00, 0x1E, 0x00,
    0x02, 0xFF, 0xFE, 0xFF, 0xFE, 0x00, 0x00, 0x00, 0x00, 0x00, 0x00, 0xFF, 0xFE, 0xFF, 0xFE, 0x80, 0x00, 0xF0, 0x00, 0x7E, 0x00, 0x0F, 0xC0, 0x03,
    0xF0, 0x00, 0x7E, 0x00, 0x0E, 0x00, 0x7E, 0x03, 0xF0, 0x0F, 0xC0, 0x7E, 0x00, 0xF0, 0x00, 0x80, 0x00, 0x3E, 0x00, 0x7F, 0x00, 0xC3, 0x80, 0x81,
    0x80, 0x01, 0x80, 0x01, 0x80, 0x03, 0x00, 0x07, 0x00, 0x0E, 0x00, 0x1C, 0x00, 0x18, 0x00, 0x18, 0x00, 0x18, 0x00, 0x00, 0x00, 0x00, 0x00, 0x18,
    0x00, 0x18, 0x00, 0x18, 0x00, 0x01, 0xFC, 0x00, 0x07, 0xFF, 0x00, 0x0F, 0x03, 0xC0, 0x1C, 0x00, 0xE0, 0x30, 0x00, 0x70, 0x70, 0xF3, 0x30, 0x63,
    0xFF, 0x38, 0xE3, 0x0F, 0x18, 0xC6, 0x07, 0x18, 0xC6, 0x03, 0x18, 0xC6, 0x03, 0x18, 0xC6, 0x03, 0x18, 0xC7, 0x07, 0x30, 0xE3, 0x8F, 0x70, 0x63,
    0xFF, 0xE0, 0x70, 0xF3, 0x80, 0x38, 0x00, 0x00, 0x1C, 0x00, 0x80, 0x0F, 0x03, 0x80, 0x07, 0xFF, 0x00, 0x01, 0xFC, 0x00, 0x03, 0xC0, 0x03, 0xC0,
    0x03, 0xC0, 0x07, 0xE0, 0x06, 0x60, 0x06, 0x60, 0x0C, 0x30, 0x0C, 0x30, 0x0C, 0x30, 0x18, 0x18, 0x18, 0x18, 0x38, 0x1C, 0x3F, 0xFC, 0x3F, 0xFC,
    0x60, 0x06, 0x60, 0x06, 0x60, 0x06, 0xC0, 0x03, 0xFF, 0x00, 0xFF, 0xC0, 0xC0, 0xE0, 0xC0, 0x60, 0xC0, 0x60, 0xC0, 0x60, 0xC0, 0x60, 0xC0, 0xC0,
    0xFF, 0x80, 0xFF, 0xC0, 0xC0, 0x60, 0xC0, 0x30, 0xC0, 0x30, 0xC0, 0x30, 0xC0, 0x30, 0xC0, 0x60, 0xFF, 0xE0, 0xFF, 0x80, 0x07, 0xE0, 0x1F, 0xF8,
    0x38, 0x1C, 0x70, 0x04, 0x60, 0x00, 0xE0, 0x00, 0xC0, 0x00, 0xC0, 0x00, 0xC0, 0x00, 0xC0, 0x00, 0xC0, 0x00, 0xC0, 0x00, 0xE0, 0x00, 0x60, 0x00,
    0x70, 0x04, 0x3C, 0x1C, 0x1F, 0xF8, 0x07, 0xE0, 0xFF, 0x80, 0xFF, 0xF0, 0xC0, 0x78, 0xC0, 0x1C, 0xC0, 0x0C, 0xC0, 0x0E, 0xC0, 0x06, 0xC0, 0x06,
    0xC0, 0x06, 0xC0, 0x06, 0xC0, 0x06, 0xC0, 0x06, 0xC0, 0x0E, 0xC0, 0x0C, 0xC0, 0x1C, 0xC0, 0x78, 0xFF, 0xF0, 0xFF, 0x80, 0xFF, 0xE0, 0xFF, 0xE0,
    0xC0, 0x00, 0xC0, 0x00, 0xC0, 0x00, 0xC0, 0x00, 0xC0, 0x00, 0xC0, 0x00, 0xFF, 0xC0, 0xFF, 0xC0, 0xC0, 0x00, 0xC0, 0x00, 0xC0, 0x00, 0xC0, 0x00,
    0xC0, 0x00, 0xC0, 0x00, 0xFF, 0xE0, 0xFF, 0xE0, 0xFF, 0xC0, 0xFF, 0xC0, 0xC0, 0x00, 0xC0, 0x00, 0xC0, 0x00, 0xC0, 0x00, 0xC0, 0x00, 0xC0, 0x00,
    0xFF, 0x80, 0xFF, 0x80, 0xC0, 0x00, 0xC0, 0x00, 0xC0, 0x00, 0xC0, 0x00, 0xC0, 0x00, 0xC0, 0x00, 0xC0, 0x00, 0xC0, 0x00, 0x07, 0xE0, 0x1F, 0xF8,
    0x38, 0x1C, 0x70, 0x04, 0x60, 0x00, 0xE0, 0x00, 0xC0, 0x00, 0xC0, 0x00, 0xC0, 0x7E, 0xC0, 0x7E, 0xC0, 0x06, 0xC0, 0x06, 0xE0, 0x06, 0x60, 0x06,
    0x70, 0x06, 0x3C, 0x0E, 0x1F, 0xFC, 0x07, 0xF0, 0xC0, 0x18, 0xC0, 0x18, 0xC0, 0x18, 0xC0, 0x18, 0xC0, 0x18, 0xC0, 0x18, 0xC0, 0x18, 0xC0, 0x18,
    0xFF, 0xF8, 0xFF, 0xF8, 0xC0, 0x18, 0xC0, 0x18, 0xC0, 0x18, 0xC0, 0x18, 0xC0, 0x18, 0xC0, 0x18, 0xC0, 0x18, 0xC0, 0x18, 0xC0, 0xC0, 0xC0, 0xC0,
    0xC0, 0xC0, 0xC0, 0xC0, 0xC0, 0xC0, 0xC0, 0xC0, 0xC0, 0xC0, 0xC0, 0xC0, 0xC0, 0xC0, 0x0C, 0x0C, 0x0C, 0x0C, 0x0C, 0x0C, 0x0C, 0x0C, 0x0C, 0x0C,
    0x0C, 0x0C, 0x0C, 0x0C, 0x0C, 0x0C, 0x0C, 0x0C, 0x0C, 0x0C, 0x18, 0xF8, 0xF0, 0xC0, 0x78, 0xC0, 0xE0, 0xC1, 0xC0, 0xC3, 0x80, 0xC7, 0x00, 0xCE,
    0x00, 0xDC, 0x00, 0xF8, 0x00, 0xF0, 0x00, 0xFC, 0x00, 0xCE, 0x00, 0xC7, 0x00, 0xC3, 0x80, 0xC1, 0xC0, 0xC0, 0xE0, 0xC0, 0x70, 0xC0, 0x38, 0xC0,
    0x1C, 0xC0, 0x00, 0xC0, 0x00, 0xC0, 0x00, 0xC0, 0x00, 0xC0, 0x00, 0xC0, 0x00, 0xC0, 0x00, 0xC0, 0x00, 0xC0, 0x00, 0xC0, 0x00, 0xC0, 0x00, 0xC0,
    0x00, 0xC0, 0x00, 0xC0, 0x00, 0xC0, 0x00, 0xC0, 0x00, 0xFF, 0xE0, 0xFF, 0xE0, 0xE0, 0x07, 0xF0, 0x0F, 0xF0, 0x0F, 0xF8, 0x1F, 0xD8, 0x1B, 0xD8,
    0x1B, 0xCC, 0x33, 0xCC, 0x33, 0xCC, 0x33, 0xC6, 0x63, 0xC6, 0x63, 0xC7, 0xE3, 0xC3, 0xC3, 0xC3, 0xC3, 0xC1, 0x83, 0xC0, 0x03, 0xC0, 0x03, 0xC0,
    0x03, 0xE0, 0x18, 0xF0, 0x18, 0xF0, 0x18, 0xF8, 0x18, 0xD8, 0x18, 0xCC, 0x18, 0xCC, 0x18, 0xC6, 0x18, 0xC6, 0x18, 0xC3, 0x18, 0xC3, 0x18, 0xC1,
    0x98, 0xC1, 0x98, 0xC0, 0xD8, 0xC0, 0xD8, 0xC0, 0x78, 0xC0, 0x78, 0xC0, 0x38, 0x07, 0xE0, 0x1F, 0xF8, 0x38, 0x3C, 0x70, 0x0E, 0x60, 0x06, 0xE0,
    0x07, 0xC0, 0x03, 0xC0, 0x03, 0xC0, 0x03, 0xC0, 0x03, 0xC0, 0x03, 0xC0, 0x03, 0xE0, 0x07, 0x60, 0x06, 0x70, 0x0E, 0x38, 0x1C, 0x1F, 0xF8, 0x07,
    0xE0, 0xFF, 0x00, 0xFF, 0xC0, 0xC0, 0xC0, 0xC0, 0x60, 0xC0, 0x60, 0xC0, 0x60, 0xC0, 0x60, 0xC0, 0xE0, 0xFF, 0xC0, 0xFF, 0x00, 0xC0, 0x00, 0xC0,
    0x00, 0xC0, 0x00, 0xC0, 0x00, 0xC0, 0x00, 0xC0, 0x00, 0xC0, 0x00, 0xC0, 0x00, 0x07, 0xE0, 0x1F, 0xF8, 0x38, 0x3C, 0x70, 0x0E, 0x60, 0x06, 0xE0,
    0x07, 0xC0, 0x03, 0xC0, 0x03, 0xC0, 0x03, 0xC0, 0x03, 0xC0, 0x03, 0xC0, 0x03, 0xE0, 0x07, 0x60, 0x06, 0x70, 0x0E, 0x38, 0x1C, 0x1F, 0xF8, 0x07,
    0xF0, 0x00, 0x38, 0x00, 0x18, 0x00, 0x0C, 0xFF, 0x00, 0xFF, 0xC0, 0xC0, 0xE0, 0xC0, 0x60, 0xC0, 0x60, 0xC0, 0x60, 0xC0, 0x60, 0xC0, 0xC0, 0xFF,
    0xC0, 0xFF, 0x80, 0xC1, 0xC0, 0xC0, 0xC0, 0xC0, 0x60, 0xC0, 0x60, 0xC0, 0x70, 0xC0, 0x30, 0xC0, 0x30, 0xC0, 0x18, 0x1F, 0x80, 0x7F, 0xE0, 0x70,
    0x60, 0xC0, 0x00, 0xC0, 0x00, 0xC0, 0x00, 0xC0, 0x00, 0x70, 0x00, 0x7F, 0x00, 0x1F, 0xC0, 0x01, 0xE0, 0x00, 0x70, 0x00, 0x30, 0x00, 0x30, 0x00,
    0x30, 0xC0, 0xE0, 0xFF, 0xE0, 0x3F, 0x80, 0xFF, 0xFC, 0xFF, 0xFC, 0x03, 0x00, 0x03, 0x00, 0x03, 0x00, 0x03, 0x00, 0x03, 0x00, 0x03, 0x00, 0x03,
    0x00, 0x03, 0x00, 0x03, 0x00, 0x03, 0x00, 0x03, 0x00, 0x03, 0x00, 0x03, 0x00, 0x03, 0x00, 0x03, 0x00, 0x03, 0x00, 0xC0, 0x18, 0xC0, 0x18, 0xC0,
    0x18, 0xC0, 0x18, 0xC0, 0x18, 0xC0, 0x18, 0xC0, 0x18, 0xC0, 0x18, 0xC0, 0x18, 0xC0, 0x18, 0xC0, 0x18, 0xC0, 0x18, 0xC0, 0x18, 0xC0, 0x18, 0x60,
    0x30, 0x70, 0x70, 0x3F, 0xE0, 0x1F, 0x80, 0xC0, 0x03, 0x60, 0x06, 0x60, 0x06, 0x60, 0x06, 0x30, 0x0C, 0x30, 0x0C, 0x38, 0x1C, 0x18, 0x18, 0x18,
    0x18, 0x0C, 0x38, 0x0C, 0x30, 0x0C, 0x30, 0x06, 0x60, 0x06, 0x60, 0x07, 0x60, 0x03, 0xC0, 0x03, 0xC0, 0x03, 0xC0, 0xC0, 0x78, 0x0C, 0xC0, 0x78,
    0x0C, 0x60, 0x78, 0x18, 0x60, 0x78, 0x18, 0x60, 0xEC, 0x18, 0x60, 0xCC, 0x18, 0x30, 0xCC, 0x30, 0x30, 0xCC, 0x30, 0x31, 0xCE, 0x30, 0x31, 0x86,
    0x30, 0x19, 0x86, 0x60, 0x19, 0x86, 0x60, 0x19, 0x86, 0x60, 0x1B, 0x03, 0x60, 0x0F, 0x03, 0xE0, 0x0F, 0x03, 0xC0, 0x0F, 0x03, 0xC0, 0x0E, 0x01,
    0xC0, 0x70, 0x0E, 0x30, 0x0C, 0x18, 0x18, 0x1C, 0x38, 0x0C, 0x70, 0x06, 0x60, 0x07, 0xC0, 0x03, 0xC0, 0x03, 0x80, 0x03, 0xC0, 0x07, 0xC0, 0x06,
    0xE0, 0x0C, 0x60, 0x1C, 0x30, 0x38, 0x38, 0x30, 0x18, 0x60, 0x0C, 0xE0, 0x0E, 0xE0, 0x1C, 0x60, 0x18, 0x30, 0x30, 0x38, 0x70, 0x18, 0x60, 0x1C,
    0xE0, 0x0F, 0xC0, 0x07, 0x80, 0x07, 0x80, 0x03, 0x00, 0x03, 0x00, 0x03, 0x00, 0x03, 0x00, 0x03, 0x00, 0x03, 0x00, 0x03, 0x00, 0x03, 0x00, 0x03,
    0x00, 0xFF, 0xFC, 0xFF, 0xFC, 0x00, 0x1C, 0x00, 0x38, 0x00, 0x70, 0x00, 0x60, 0x00, 0xC0, 0x01, 0x80, 0x03, 0x80, 0x07, 0x00, 0x06, 0x00, 0x0C,
    0x00, 0x18, 0x00, 0x38, 0x00, 0x70, 0x00, 0xE0, 0x00, 0xFF, 0xFC, 0xFF, 0xFC, 0xF8, 0xF8, 0xC0, 0xC0, 0xC0, 0xC0, 0xC0, 0xC0, 0xC0, 0xC0, 0xC0,
    0xC0, 0xC0, 0xC0, 0xC0, 0xC0, 0xC0, 0xC0, 0xC0, 0xF8, 0xF8, 0xC0, 0xE0, 0x60, 0x60, 0x60, 0x30, 0x30, 0x30, 0x18, 0x18, 0x18, 0x18, 0x0C, 0x0C,
    0x0C, 0x06, 0x06, 0x06, 0x07, 0x03, 0xF8, 0xF8, 0x18, 0x18, 0x18, 0x18, 0x18, 0x18, 0x18, 0x18, 0x18, 0x18, 0x18, 0x18, 0x18, 0x18, 0x18, 0x18,
    0x18, 0xF8, 0xF8, 0x03, 0x80, 0x07, 0xC0, 0x0E, 0xE0, 0x1C, 0x70, 0x38, 0x38, 0x70, 0x1C, 0xE0, 0x0E, 0xFF, 0xF0, 0xFF, 0xF0, 0xE0, 0x30, 0x18,
    0x0C, 0x3F, 0x00, 0x7F, 0xC0, 0x40, 0xC0, 0x00, 0x60, 0x00, 0x60, 0x1F, 0xE0, 0x7F, 0xE0, 0xE0, 0x60, 0xC0, 0x60, 0xC0, 0xE0, 0xE1, 0xE0, 0x7F,
    0xE0, 0x3E, 0x60, 0xC0, 0x00, 0xC0, 0x00, 0xC0, 0x00, 0xC0, 0x00, 0xC0, 0x00, 0xCF, 0x80, 0xFF, 0xC0, 0xF0, 0xE0, 0xE0, 0x60, 0xC0, 0x30, 0xC0,
    0x30, 0xC0, 0x30, 0xC0, 0x30, 0xC0, 0x30, 0xE0, 0x60, 0xF0, 0xE0, 0xFF, 0xC0, 0xCF, 0x80, 0x0F, 0x80, 0x3F, 0xC0, 0x70, 0x40, 0x60, 0x00, 0xC0,
    0x00, 0xC0, 0x00, 0xC0, 0x00, 0xC0, 0x00, 0xC0, 0x00, 0xE0, 0x00, 0x70, 0x40, 0x3F, 0xC0, 0x1F, 0x80, 0x00, 0x30, 0x00, 0x30, 0x00, 0x30, 0x00,
    0x30, 0x00, 0x30, 0x1F, 0x30, 0x3F, 0xF0, 0x70, 0xF0, 0x60, 0x70, 0xC0, 0x30, 0xC0, 0x30, 0xC0, 0x30, 0xC0, 0x30, 0xC0, 0x30, 0xE0, 0x70, 0x70,
    0xF0, 0x3F, 0xF0, 0x1F, 0x30, 0x0F, 0x80, 0x3F, 0xC0, 0x70, 0xE0, 0x60, 0x30, 0xC0, 0x30, 0xFF, 0xF0, 0xFF, 0xF0, 0xC0, 0x00, 0xC0, 0x00, 0xE0,
    0x00, 0x70, 0x20, 0x3F, 0xE0, 0x0F, 0xC0, 0x0F, 0x1F, 0x30, 0x30, 0x30, 0xFF, 0xFF, 0x30, 0x30, 0x30, 0x30, 0x30, 0x30, 0x30, 0x30, 0x30, 0x30,
    0x30, 0x1F, 0x30, 0x3F, 0xF0, 0x70, 0xF0, 0xE0, 0x70, 0xC0, 0x30, 0xC0, 0x30, 0xC0, 0x30, 0xC0, 0x30, 0xC0, 0x30, 0xE0, 0x70, 0x70, 0xF0, 0x3F,
    0xF0, 0x1F, 0x30, 0x00, 0x30, 0x00, 0x70, 0x20, 0xE0, 0x3F, 0xC0, 0x1F, 0x80, 0xC0, 0x00, 0xC0, 0x00, 0xC0, 0x00, 0xC0, 0x00, 0xC0, 0x00, 0xCF,
    0x80, 0xFF, 0xC0, 0xF0, 0xE0, 0xE0, 0x60, 0xC0, 0x60, 0xC0, 0x60, 0xC0, 0x60, 0xC0, 0x60, 0xC0, 0x60, 0xC0, 0x60, 0xC0, 0x60, 0xC0, 0x60, 0xC0,
    0x60, 0xC0, 0xC0, 0xC0, 0x00, 0x00, 0xC0, 0xC0, 0xC0, 0xC0, 0xC0, 0xC0, 0xC0, 0xC0, 0xC0, 0xC0, 0xC0, 0xC0, 0xC0, 0x18, 0x18, 0x18, 0x00, 0x00,
    0x18, 0x18, 0x18, 0x18, 0x18, 0x18, 0x18, 0x18, 0x18, 0x18, 0x18, 0x18, 0x18, 0x18, 0x18, 0x18, 0xF0, 0xE0, 0xC0, 0x00, 0xC0, 0x00, 0xC0, 0x00,
    0xC0, 0x00, 0xC0, 0x00, 0xC1, 0xC0, 0xC3, 0x80, 0xC7, 0x00, 0xCE, 0x00, 0xDC, 0x00, 0xF8, 0x00, 0xF8, 0x00, 0xDC, 0x00, 0xCE, 0x00, 0xC7, 0x00,
    0xC3, 0x80, 0xC1, 0xC0, 0xC0, 0xE0, 0xC0, 0xC0, 0xC0, 0xC0, 0xC0, 0xC0, 0xC0, 0xC0, 0xC0, 0xC0, 0xC0, 0xC0, 0xC0, 0xC0, 0xC0, 0xC0, 0xC0, 0xC0,
    0xCF, 0x87, 0xC0, 0xFF, 0xDF, 0xE0, 0xF0, 0xF8, 0x70, 0xE0, 0x70, 0x30, 0xC0, 0x60, 0x30, 0xC0, 0x60, 0x30, 0xC0, 0x60, 0x30, 0xC0, 0x60, 0x30,
    0xC0, 0x60, 0x30, 0xC0, 0x60, 0x30, 0xC0, 0x60, 0x30, 0xC0, 0x60, 0x30, 0xC0, 0x60, 0x30, 0xCF, 0x80, 0xFF, 0xC0, 0xF0, 0xE0, 0xE0, 0x60, 0xC0,
    0x60, 0xC0, 0x60, 0xC0, 0x60, 0xC0, 0x60, 0xC0, 0x60, 0xC0, 0x60, 0xC0, 0x60, 0xC0, 0x60, 0xC0, 0x60, 0x1F, 0x80, 0x3F, 0xC0, 0x70, 0xE0, 0xE0,
    0x60, 0xC0, 0x30, 0xC0, 0x30, 0xC0, 0x30, 0xC0, 0x30, 0xC0, 0x30, 0xE0, 0x60, 0x70, 0xE0, 0x3F, 0xC0, 0x1F, 0x80, 0xCF, 0x80, 0xFF, 0xC0, 0xF0,
    0xE0, 0xE0, 0x60, 0xC0, 0x30, 0xC0, 0x30, 0xC0, 0x30, 0xC0, 0x30, 0xC0, 0x30, 0xE0, 0x60, 0xF0, 0xE0, 0xFF, 0xC0, 0xCF, 0x80, 0xC0, 0x00, 0xC0,
    0x00, 0xC0, 0x00, 0xC0, 0x00, 0xC0, 0x00, 0x1F, 0x30, 0x3F, 0xF0, 0x70, 0xF0, 0x60, 0x70, 0xC0, 0x30, 0xC0, 0x30, 0xC0, 0x30, 0xC0, 0x30, 0xC0,
    0x30, 0xE0, 0x70, 0x70, 0xF0, 0x3F, 0xF0, 0x1F, 0x30, 0x00, 0x30, 0x00, 0x30, 0x00, 0x30, 0x00, 0x30, 0x00, 0x30, 0xCF, 0xFF, 0xF0, 0xE0, 0xC0,
    0xC0, 0xC0, 0xC0, 0xC0, 0xC0, 0xC0, 0xC0, 0xC0, 0x3F, 0x00, 0x7F, 0x80, 0xE0, 0x80, 0xC0, 0x00, 0xC0, 0x00, 0xFC, 0x00, 0x3F, 0x80, 0x07, 0xC0,
    0x00, 0xC0, 0x00, 0xC0, 0x81, 0xC0, 0xFF, 0x80, 0x7F, 0x00, 0x30, 0x30, 0x30, 0x30, 0xFF, 0xFF, 0x30, 0x30, 0x30, 0x30, 0x30, 0x30, 0x30, 0x30,
    0x30, 0x3F, 0x1F, 0xC0, 0x60, 0xC0, 0x60, 0xC0, 0x60, 0xC0, 0x60, 0xC0, 0x60, 0xC0, 0x60, 0xC0, 0x60, 0xC0, 0x60, 0xC0, 0x60, 0xC0, 0xE0, 0xE1,
    0xE0, 0x7F, 0xE0, 0x3E, 0x60, 0xC0, 0x18, 0x60, 0x30, 0x60, 0x30, 0x60, 0x70, 0x30, 0x60, 0x30, 0x60, 0x18, 0xE0, 0x18, 0xC0, 0x18, 0xC0, 0x0D,
    0x80, 0x0D, 0x80, 0x0F, 0x80, 0x07, 0x00, 0xC1, 0xE0, 0xC0, 0xC1, 0xE0, 0xC0, 0x61, 0xE1, 0x80, 0x61, 0xE1, 0x80, 0x63, 0x31, 0x80, 0x73, 0x33,
    0x80, 0x33, 0x33, 0x00, 0x33, 0x33, 0x00, 0x36, 0x1B, 0x00, 0x1E, 0x1E, 0x00, 0x1E, 0x1E, 0x00, 0x1E, 0x1E, 0x00, 0x1C, 0x0E, 0x00, 0xE0, 0x38,
    0x70, 0x70, 0x38, 0xE0, 0x18, 0xC0, 0x0D, 0x80, 0x0F, 0x80, 0x07, 0x00, 0x0F, 0x80, 0x1D, 0xC0, 0x18, 0xC0, 0x30, 0x60, 0x70, 0x70, 0xE0, 0x38,
    0xC0, 0x18, 0x60, 0x30, 0x60, 0x30, 0x70, 0x70, 0x30, 0x60, 0x30, 0xE0, 0x18, 0xC0, 0x18, 0xC0, 0x1D, 0x80, 0x0D, 0x80, 0x0F, 0x80, 0x07, 0x00,
    0x07, 0x00, 0x06, 0x00, 0x06, 0x00, 0x0C, 0x00, 0x7C, 0x00, 0x78, 0x00, 0xFF, 0xE0, 0xFF, 0xE0, 0x00, 0xC0, 0x01, 0xC0, 0x03, 0x80, 0x07, 0x00,
    0x0E, 0x00, 0x1C, 0x00, 0x38, 0x00, 0x70, 0x00, 0x60, 0x00, 0xFF, 0xE0, 0xFF, 0xE0, 0x07, 0x80, 0x0F, 0x80, 0x0C, 0x00, 0x0C, 0x00, 0x0C, 0x00,
    0x0C, 0x00, 0x0C, 0x00, 0x0C, 0x00, 0x0C, 0x00, 0x1C, 0x00, 0xF8, 0x00, 0xF8, 0x00, 0x1C, 0x00, 0x0C, 0x00, 0x0C, 0x00, 0x0C, 0x00, 0x0C, 0x00,
    0x0C, 0x00, 0x0C, 0x00, 0x0C, 0x00, 0x0F, 0x80, 0x07, 0x80, 0xC0, 0xC0, 0xC0, 0xC0, 0xC0, 0xC0, 0xC0, 0xC0, 0xC0, 0xC0, 0xC0, 0xC0, 0xC0, 0xC0,
    0xC0, 0xC0, 0xC0, 0xC0, 0xC0, 0xC0, 0xC0, 0xC0, 0xC0, 0xC0, 0xF0, 0x00, 0xF8, 0x00, 0x18, 0x00, 0x18, 0x00, 0x18, 0x00, 0x18, 0x00, 0x18, 0x00,
    0x18, 0x00, 0x18, 0x00, 0x1C, 0x00, 0x0F, 0x80, 0x0F, 0x80, 0x1C, 0x00, 0x18, 0x00, 0x18, 0x00, 0x18, 0x00, 0x18, 0x00, 0x18, 0x00, 0x18, 0x00,
    0x18, 0x00, 0xF8, 0x00, 0xF0, 0x00, 0x3E, 0x02, 0x7F, 0x86, 0xC3, 0xFC, 0x80, 0xF8,
};

inline constexpr Glyph kGlyphs9[kGlyphCount] = {
    {3, 0, 0, 0, 0},
    {4, 1, 7, 2, 0},
    {4, 3, 2, 2, 7},
    {8, 6, 7, 2, 9},
    {6, 5, 8, 2, 16},
    {9, 8, 7, 2, 24},
    {7, 6, 7, 2, 31},
    {2, 1, 2, 2, 38},
    {4, 2, 8, 1, 40},
    {4, 2, 8, 1, 48},
    {5, 5, 4, 2, 56},
    {8, 5, 5, 4, 60},
    {3, 1, 2, 8, 65},
    {3, 2, 1, 6, 67},
    {3, 1, 1, 8, 68},
    {3, 3, 7, 2, 69},
    {6, 4, 7, 2, 76},
    {6, 3, 7, 2, 83},
    {6, 4, 7, 2, 90},
    {6, 4, 7, 2, 97},
    {6, 5, 7, 2, 104},
    {6, 4, 7, 2, 111},
    {6, 4, 7, 2, 118},
    {6, 4, 7, 2, 125},
    {6, 4, 7, 2, 132},
    {6, 4, 7, 2, 139},
    {3, 1, 5, 4, 146},
    {3, 1, 6, 4, 151},
    {8, 6, 5, 4, 157},
    {8, 6, 3, 5, 162},
    {8, 6, 5, 4, 165},
    {5, 4, 7, 2, 170},
    {9, 8, 8, 2, 177},
    {6, 6, 7, 2, 185},
    {6, 5, 7, 2, 192},
    {6, 5, 7, 2, 199},
    {7, 5, 7, 2, 206},
    {6, 4, 7, 2, 213},
    {5, 4, 7, 2, 220},
    {7, 5, 7, 2, 227},
    {7, 5, 7, 2, 234},
    {3, 1, 7, 2, 241},
    {3, 2, 9, 2, 248},
    {6, 5, 7, 2, 257},
    {5, 4, 7, 2, 264},
    {8, 6, 7, 2, 271},
    {7, 5, 7, 2, 278},
    {7, 5, 7, 2, 285},
    {5, 4, 7, 2, 292},
    {7, 5, 8, 2, 299},
    {6, 5, 7, 2, 307},
    {6, 5, 7, 2, 314},
    {6, 5, 7, 2, 321},
    {7, 5, 7, 2, 328},
    {6, 6, 7, 2, 335},
    {9, 7, 7, 2, 342},
    {6, 6, 7, 2, 349},
    {6, 5, 7, 2, 356},
    {6, 5, 7, 2, 363},
    {4, 2, 8, 2, 370},
    {3, 3, 7, 2, 378},
    {4, 2, 8, 2, 385},
    {8, 4, 2, 2, 393},
    {5, 5, 1, 10, 395},
    {5, 2, 2, 1, 396},
    {6, 4, 5, 4, 398},
    {6, 4, 8, 1, 403},
    {5, 4, 5, 4, 411},
    {6, 4, 8, 1, 416},
    {6, 4, 5, 4, 424},
    {3, 4, 8, 1, 429},
    {6, 4, 7, 4, 437},
    {6, 4, 8, 1, 444},
    {3, 1, 7, 2, 452},
    {3, 2, 9, 2, 459},
    {5, 4, 8, 1, 468},
    {3, 1, 8, 1, 476},
    {9, 7, 5, 4, 484},
    {6, 4, 5, 4, 489},
    {6, 4, 5, 4, 494},
    {6, 4, 7, 4, 499},
    {6, 4, 7, 4, 506},
    {4, 3, 5, 4, 513},
    {5, 3, 5, 4, 518},
    {4, 4, 6, 3, 523},
    {6, 4, 5, 4, 529},
    {5, 5, 5, 4, 534},
    {7, 7, 5, 4, 539},
    {5, 5, 5, 4, 544},
    {5, 5, 7, 4, 549},
    {5, 4, 5, 4, 556},
    {6, 3, 8, 2, 561},
    {3, 1, 9, 2, 569},
    {6, 3, 8, 2, 578},
    {8, 6, 2, 4, 586},
};

inline constexpr Glyph kGlyphs10[kGlyphCount] = {
    {3, 0, 0, 0, 588},
    {4, 1, 7, 3, 588},
    {5, 3, 3, 3, 595},
    {8, 7, 7, 3, 598},
    {6, 5, 8, 3, 605},
    {10, 8, 7, 3, 613},
    {8, 7, 7, 3, 620},
    {3, 1, 3, 3, 627},
    {4, 2, 9, 2, 630},
    {4, 2, 9, 2, 639},
    {5, 5, 4, 3, 648},
    {8, 7, 7, 3, 652},
    {3, 1, 2, 9, 659},
    {4, 3, 1, 7, 661},
    {3, 1, 1, 9, 662},
    {3, 3, 8, 3, 663},
    {6, 5, 7, 3, 671},
    {6, 5, 7, 3, 678},
    {6, 5, 7, 3, 685},
    {6, 5, 7, 3, 692},
    {6, 5, 7, 3, 699},
    {6, 5, 7, 3, 706},
    {6, 5, 7, 3, 713},
    {6, 5, 7, 3, 720},
    {6, 5, 7, 3, 727},
    {6, 5, 7, 3, 734},
    {3, 1, 5, 5, 741},
    {3, 1, 6, 5, 746},
    {8, 6, 5, 4, 752},
    {8, 6, 3, 5, 757},
    {8, 6, 5, 4, 760},
    {5, 4, 7, 3, 765},
    {10, 9, 9, 3, 772},
    {7, 7, 7, 3, 790},
    {7, 5, 7, 3, 797},
    {7, 6, 7, 3, 804},
    {8, 6, 7, 3, 811},
    {6, 5, 7, 3, 818},
    {6, 4, 7, 3, 825},
    {8, 6, 7, 3, 832},
    {8, 6, 7, 3, 839},
    {3, 1, 7, 3, 846},
    {3, 3, 9, 3, 853},
    {7, 5, 7, 3, 862},
    {6, 5, 7, 3, 869},
    {9, 7, 7, 3, 876},
    {7, 6, 7, 3, 883},
    {8, 6, 7, 3, 890},
    {6, 5, 7, 3, 897},
    {8, 6, 8, 3, 904},
    {7, 6, 7, 3, 912},
    {6, 5, 7, 3, 919},
    {6, 5, 7, 3, 926},
    {7, 6, 7, 3, 933},
    {7, 7, 7, 3, 940},
    {10, 9, 7, 3, 947},
    {7, 6, 7, 3, 961},
    {6, 7, 7, 3, 968},
    {7, 6, 7, 3, 975},
    {4, 2, 9, 2, 982},
    {3, 3, 8, 3, 991},
    {4, 2, 9, 2, 999},
    {8, 6, 3, 3, 1008},
    {5, 5, 1, 11, 1011},
    {5, 2, 2, 2, 1012},
    {6, 5, 5, 5, 1014},
    {6, 5, 8, 2, 1019},
    {6, 4, 5, 5, 1027},
    {6, 5, 8, 2, 1032},
    {6, 5, 5, 5, 1040},
    {4, 4, 8, 2, 1045},
    {6, 5, 7, 5, 1053},
    {6, 5, 8, 2, 1060},
    {3, 1, 8, 2, 1068},
    {3, 2, 10, 2, 1076},
    {6, 4, 8, 2, 1086},
    {3, 1, 8, 2, 1094},
    {10, 9, 5, 5, 1102},
    {6, 5, 5, 5, 1112},
    {6, 5, 5, 5, 1117},
    {6, 5, 7, 5, 1122},
    {6, 5, 7, 5, 1129},
    {4, 3, 5, 5, 1136},
    {5, 4, 5, 5, 1141},
    {4, 4, 7, 3, 1146},
    {6, 5, 5, 5, 1153},
    {6, 5, 5, 5, 1158},
    {8, 7, 5, 5, 1163},
    {6, 5, 5, 5, 1168},
    {6, 5, 7, 5, 1173},
    {5, 4, 5, 5, 1180},
    {6, 4, 9, 2, 1185},
    {3, 1, 10, 2, 1194},
    {6, 4, 9, 2, 1204},
    {8, 6, 2, 5, 1213},
};

inline constexpr Glyph kGlyphs11[kGlyphCount] = {
    {4, 0, 0, 0, 1215},
    {4, 1, 8, 3, 1215},
    {5, 3, 3, 3, 1223},
    {9, 8, 8, 3, 1226},
    {7, 5, 10, 3, 1234},
    {10, 9, 8, 3, 1244},
    {9, 8, 8, 3, 1260},
    {3, 1, 3, 3, 1268},
    {4, 2, 10, 2, 1271},
    {4, 2, 10, 2, 1281},
    {6, 5, 6, 3, 1291},
    {9, 7, 7, 4, 1297},
    {4, 1, 2, 10, 1304},
    {4, 3, 1, 7, 1306},
    {4, 1, 1, 10, 1307},
    {4, 4, 9, 3, 1308},
    {7, 5, 8, 3, 1317},
    {7, 5, 8, 3, 1325},
    {7, 5, 8, 3, 1333},
    {7, 5, 8, 3, 1341},
    {7, 6, 8, 3, 1349},
    {7, 5, 8, 3, 1357},
    {7, 5, 8, 3, 1365},
    {7, 5, 8, 3, 1373},
    {7, 5, 8, 3, 1381},
    {7, 5, 8, 3, 1389},
    {4, 1, 6, 5, 1397},
    {4, 1, 7, 5, 1403},
    {9, 7, 6, 5, 1410},
    {9, 7, 3, 6, 1416},
    {9, 7, 6, 5, 1419},
    {6, 4, 8, 3, 1425},
    {11, 10, 10, 3, 1433},
    {8, 7, 8, 3, 1453},
    {8, 6, 8, 3, 1461},
    {8, 6, 8, 3, 1469},
    {8, 6, 8, 3, 1477},
    {7, 5, 8, 3, 1485},
    {6, 5, 8, 3, 1493},
    {9, 7, 8, 3, 1501},
    {8, 6, 8, 3, 1509},
    {3, 1, 8, 3, 1517},
    {3, 3, 10, 3, 1525},
    {7, 6, 8, 3, 1535},
    {6, 5, 8, 3, 1543},
    {9, 7, 8, 3, 1551},
    {8, 6, 8, 3, 1559},
    {9, 7, 8, 3, 1567},
    {7, 5, 8, 3, 1575},
    {9, 7, 9, 3, 1583},
    {8, 6, 8, 3, 1592},
    {7, 6, 8, 3, 1600},
    {7, 7, 8, 3, 1608},
    {8, 6, 8, 3, 1616},
    {8, 7, 8, 3, 1624},
    {11, 9, 8, 3, 1632},
    {8, 7, 8, 3, 1648},
    {7, 7, 8, 3, 1656},
    {8, 7, 8, 3, 1664},
    {4, 2, 10, 3, 1672},
    {4, 4, 9, 3, 1682},
    {4, 2, 10, 3, 1691},
    {9, 7, 3, 3, 1701},
    {6, 6, 1, 13, 1704},
    {6, 2, 2, 2, 1705},
    {7, 5, 6, 5, 1707},
    {7, 5, 9, 2, 1713},
    {6, 4, 6, 5, 1722},
    {7, 5, 9, 2, 1728},
    {7, 5, 6, 5, 1737},
    {4, 4, 9, 2, 1743},
    {7, 5, 8, 5, 1752},
    {7, 5, 9, 2, 1760},
    {3, 1, 8, 3, 1769},
    {3, 2, 10, 3, 1777},
    {6, 5, 9, 2, 1787},
    {3, 1, 9, 2, 1796},
    {11, 9, 6, 5, 1805},
    {7, 5, 6, 5, 1817},
    {7, 5, 6, 5, 1823},
    {7, 5, 8, 5, 1829},
    {7, 5, 8, 5, 1837},
    {5, 4, 6, 5, 1845},
    {6, 5, 6, 5, 1851},
    {4, 4, 8, 3, 1857},
    {7, 5, 6, 5, 1865},
    {7, 6, 6, 5, 1871},
    {9, 7, 6, 5, 1877},
    {7, 6, 6, 5, 1883},
    {7, 6, 8, 5, 1889},
    {6, 5, 6, 5, 1897},
    {7, 5, 10, 3, 1903},
    {4, 1, 11, 3, 1913},
    {7, 5, 10, 3, 1924},
    {9, 7, 2, 6, 1934},
};

inline constexpr Glyph kGlyphs12[kGlyphCount] = {
    {4, 0, 0, 0, 1936},
    {5, 1, 9, 3, 1936},
    {6, 3, 3, 3, 1945},
    {10, 8, 8, 4, 1948},
    {8, 5, 11, 3, 1956},
    {11, 10, 9, 3, 1967},
    {9, 8, 9, 3, 1985},
    {3, 1, 3, 3, 1994},
    {5, 3, 11, 2, 1997},
    {5, 3, 11, 2, 2008},
    {6, 5, 6, 3, 2019},
    {10, 7, 7, 5, 2025},
    {4, 1, 3, 10, 2032},
    {4, 3, 1, 8, 2035},
    {4, 1, 2, 10, 2036},
    {4, 4, 10, 3, 2038},
    {8, 6, 9, 3, 2048},
    {8, 5, 9, 3, 2057},
    {8, 6, 9, 3, 2066},
    {8, 6, 9, 3, 2075},
    {8, 6, 9, 3, 2084},
    {8, 6, 9, 3, 2093},
    {8, 6, 9, 3, 2102},
    {8, 6, 9, 3, 2111},
    {8, 6, 9, 3, 2120},
    {8, 6, 9, 3, 2129},
    {4, 1, 6, 6, 2138},
    {4, 1, 7, 6, 2144},
    {10, 8, 6, 5, 2151},
    {10, 8, 3, 7, 2157},
    {10, 8, 6, 5, 2160},
    {6, 5, 9, 3, 2166},
    {12, 11, 11, 3, 2175},
    {8, 8, 9, 3, 2197},
    {8, 6, 9, 3, 2206},
    {8, 6, 9, 3, 2215},
    {9, 7, 9, 3, 2224},
    {8, 6, 9, 3, 2233},
    {7, 5, 9, 3, 2242},
    {9, 7, 9, 3, 2251},
    {9, 7, 9, 3, 2260},
    {4, 1, 9, 3, 2269},
    {4, 3, 11, 3, 2278},
    {8, 6, 9, 3, 2289},
    {7, 5, 9, 3, 2298},
    {10, 8, 9, 3, 2307},
    {9, 7, 9, 3, 2316},
    {9, 7, 9, 3, 2325},
    {7, 6, 9, 3, 2334},
    {9, 7, 11, 3, 2343},
    {8, 7, 9, 3, 2354},
    {8, 6, 9, 3, 2363},
    {7, 7, 9, 3, 2372},
    {9, 7, 9, 3, 2381},
    {8, 8, 9, 3, 2390},
    {12, 11, 9, 3, 2399},
    {8, 7, 9, 3, 2417},
    {7, 7, 9, 3, 2426},
    {8, 7, 9, 3, 2435},
    {5, 2, 11, 3, 2444},
    {4, 4, 10, 3, 2455},
    {5, 2, 11, 3, 2465},
    {10, 6, 3, 3, 2476},
    {6, 6, 1, 14, 2479},
    {6, 2, 2, 2, 2480},
    {7, 6, 7, 5, 2482},
    {8, 6, 10, 2, 2489},
    {7, 5, 7, 5, 2499},
    {8, 6, 10, 2, 2506},
    {7, 6, 7, 5, 2516},
    {4, 4, 10, 2, 2523},
    {8, 6, 10, 5, 2533},
    {8, 6, 10, 2, 2543},
    {3, 1, 9, 3, 2553},
    {3, 2, 12, 3, 2562},
    {7, 5, 10, 2, 2574},
    {3, 1, 10, 2, 2584},
    {12, 9, 7, 5, 2594},
    {8, 6, 7, 5, 2608},
    {7, 6, 7, 5, 2615},
    {8, 6, 10, 5, 2622},
    {8, 6, 10, 5, 2632},
    {5, 4, 7, 5, 2642},
    {6, 5, 7, 5, 2649},
    {5, 4, 9, 3, 2656},
    {8, 6, 7, 5, 2665},
    {7, 6, 7, 5, 2672},
    {10, 9, 7, 5, 2679},
    {7, 6, 7, 5, 2693},
    {7, 6, 10, 5, 2700},
    {6, 5, 7, 5, 2710},
    {8, 5, 11, 3, 2717},
    {4, 1, 12, 3, 2728},
    {8, 5, 11, 3, 2740},
    {10, 8, 2, 6, 2751},
};

inline constexpr Glyph kGlyphs13[kGlyphCount] = {
    {4, 0, 0, 0, 2753},
    {5, 1, 9, 4, 2753},
    {6, 3, 4, 4, 2762},
    {11, 9, 10, 3, 2766},
    {8, 7, 11, 4, 2786},
    {12, 11, 9, 4, 2797},
    {10, 9, 9, 4, 2815},
    {4, 1, 4, 4, 2833},
    {5, 3, 12, 2, 2837},
    {5, 3, 12, 2, 2849},
    {7, 7, 6, 4, 2861},
    {11, 9, 9, 4, 2867},
    {4, 2, 3, 11, 2885},
    {5, 3, 1, 9, 2888},
    {4, 1, 2, 11, 2889},
    {4, 4, 11, 4, 2891},
    {8, 6, 9, 4, 2902},
    {8, 5, 9, 4, 2911},
    {8, 6, 9, 4, 2920},
    {8, 6, 9, 4, 2929},
    {8, 6, 9, 4, 2938},
    {8, 6, 9, 4, 2947},
    {8, 6, 9, 4, 2956},
    {8, 6, 9, 4, 2965},
    {8, 6, 9, 4, 2974},
    {8, 6, 9, 4, 2983},
    {4, 1, 7, 6, 2992},
    {4, 2, 8, 6, 2999},
    {11, 8, 7, 5, 3007},
    {11, 8, 4, 7, 3014},
    {11, 8, 7, 5, 3018},
    {7, 5, 9, 4, 3025},
    {13, 11, 11, 4, 3034},
    {9, 9, 9, 4, 3056},
    {9, 7, 9, 4, 3074},
    {9, 7, 9, 4, 3083},
    {10, 8, 9, 4, 3092},
    {8, 6, 9, 4, 3101},
    {7, 5, 9, 4, 3110},
    {10, 8, 9, 4, 3119},
    {10, 8, 9, 4, 3128},
    {4, 1, 9, 4, 3137},
    {4, 3, 12, 4, 3146},
    {9, 6, 9, 4, 3158},
    {7, 6, 9, 4, 3167},
    {11, 9, 9, 4, 3176},
    {10, 8, 9, 4, 3194},
    {10, 8, 9, 4, 3203},
    {8, 6, 9, 4, 3212},
    {10, 8, 11, 4, 3221},
    {9, 7, 9, 4, 3232},
    {8, 7, 9, 4, 3241},
    {8, 7, 9, 4, 3250},
    {10, 8, 9, 4, 3259},
    {9, 9, 9, 4, 3268},
    {13, 11, 9, 4, 3286},
    {9, 8, 9, 4, 3304},
    {8, 7, 9, 4, 3313},
    {9, 8, 9, 4, 3322},
    {5, 3, 12, 3, 3331},
    {4, 4, 11, 4, 3343},
    {5, 3, 12, 3, 3354},
    {11, 8, 4, 4, 3366},
    {7, 7, 1, 15, 3370},
    {7, 2, 2, 3, 3371},
    {8, 6, 7, 6, 3373},
    {8, 6, 11, 2, 3380},
    {7, 5, 7, 6, 3391},
    {8, 6, 11, 2, 3398},
    {8, 6, 7, 6, 3409},
    {5, 4, 11, 2, 3416},
    {8, 6, 10, 6, 3427},
    {8, 6, 11, 2, 3437},
    {4, 1, 10, 3, 3448},
    {4, 2, 13, 3, 3458},
    {8, 5, 11, 2, 3471},
    {4, 1, 11, 2, 3482},
    {13, 11, 7, 6, 3493},
    {8, 6, 7, 6, 3507},
    {8, 6, 7, 6, 3514},
    {8, 6, 10, 6, 3521},
    {8, 6, 10, 6, 3531},
    {5, 4, 7, 6, 3541},
    {7, 5, 7, 6, 3548},
    {5, 4, 9, 4, 3555},
    {8, 6, 7, 6, 3564},
    {8, 7, 7, 6, 3571},
    {11, 9, 7, 6, 3578},
    {8, 7, 7, 6, 3592},
    {8, 7, 10, 6, 3599},
    {7, 5, 7, 6, 3609},
    {8, 5, 12, 3, 3616},
    {4, 1, 13, 3, 3628},
    {8, 5, 12, 3, 3641},
    {11, 8, 2, 7, 3653},
};

inline constexpr Glyph kGlyphs14[kGlyphCount] = {
    {4, 0, 0, 0, 3655},
    {6, 1, 10, 3, 3655},
    {6, 3, 4, 3, 3665},
    {12, 10, 10, 3, 3669},
    {9, 7, 13, 2, 3689},
    {13, 12, 10, 3, 3702},
    {11, 10, 10, 3, 3722},
    {4, 1, 4, 3, 3742},
    {5, 3, 12, 2, 3746},
    {5, 3, 12, 2, 3758},
    {7, 7, 6, 3, 3770},
    {12, 9, 9, 4, 3776},
    {4, 2, 3, 11, 3794},
    {5, 4, 1, 9, 3797},
    {4, 1, 2, 11, 3798},
    {5, 5, 12, 3, 3800},
    {9, 7, 10, 3, 3812},
    {9, 5, 10, 3, 3822},
    {9, 6, 10, 3, 3832},
    {9, 7, 10, 3, 3842},
    {9, 7, 10, 3, 3852},
    {9, 7, 10, 3, 3862},
    {9, 7, 10, 3, 3872},
    {9, 7, 10, 3, 3882},
    {9, 7, 10, 3, 3892},
    {9, 7, 10, 3, 3902},
    {5, 1, 7, 6, 3912},
    {5, 2, 8, 6, 3919},
    {12, 9, 8, 5, 3927},
    {12, 9, 4, 6, 3943},
    {12, 9, 8, 5, 3951},
    {7, 5, 10, 3, 3967},
    {14, 12, 12, 3, 3977},
    {10, 9, 10, 3, 4001},
    {10, 8, 10, 3, 4021},
    {10, 8, 10, 3, 4031},
    {11, 9, 10, 3, 4041},
    {9, 7, 10, 3, 4061},
    {8, 6, 10, 3, 4071},
    {11, 9, 10, 3, 4081},
    {11, 8, 10, 3, 4101},
    {4, 1, 10, 3, 4111},
    {4, 3, 13, 3, 4121},
    {9, 7, 10, 3, 4134},
    {8, 6, 10, 3, 4144},
    {12, 10, 10, 3, 4154},
    {10, 8, 10, 3, 4174},
    {11, 9, 10, 3, 4184},
    {8, 7, 10, 3, 4204},
    {11, 9, 12, 3, 4214},
    {10, 8, 10, 3, 4238},
    {9, 7, 10, 3, 4248},
    {9, 9, 10, 3, 4258},
    {10, 8, 10, 3, 4278},
    {10, 9, 10, 3, 4288},
    {14, 13, 10, 3, 4308},
    {10, 9, 10, 3, 4328},
    {9, 9, 10, 3, 4348},
    {10, 8, 10, 3, 4368},
    {5, 3, 12, 2, 4378},
    {5, 5, 12, 3, 4390},
    {5, 3, 12, 2, 4402},
    {12, 9, 4, 3, 4414},
    {7, 7, 1, 15, 4422},
    {7, 3, 3, 1, 4423},
    {9, 6, 8, 5, 4426},
    {9, 7, 11, 2, 4434},
    {8, 6, 8, 5, 4445},
    {9, 7, 11, 2, 4453},
    {9, 7, 8, 5, 4464},
    {5, 4, 11, 2, 4472},
    {9, 7, 11, 5, 4483},
    {9, 7, 11, 2, 4494},
    {4, 1, 11, 2, 4505},
    {4, 3, 14, 2, 4516},
    {8, 6, 11, 2, 4530},
    {4, 1, 11, 2, 4541},
    {14, 11, 8, 5, 4552},
    {9, 7, 8, 5, 4568},
    {9, 7, 8, 5, 4576},
    {9, 7, 11, 5, 4584},
    {9, 7, 11, 5, 4595},
    {6, 4, 8, 5, 4606},
    {7, 6, 8, 5, 4614},
    {5, 5, 10, 3, 4622},
    {9, 7, 8, 5, 4632},
    {8, 7, 8, 5, 4640},
    {11, 9, 8, 5, 4648},
    {8, 7, 8, 5, 4664},
    {8, 7, 11, 5, 4672},
    {7, 6, 8, 5, 4683},
    {9, 5, 13, 2, 4691},
    {5, 1, 14, 2, 4704},
    {9, 5, 13, 2, 4718},
    {12, 9, 2, 7, 4731},
};

inline constexpr Glyph kGlyphs16[kGlyphCount] = {
    {5, 0, 0, 0, 4735},
    {6, 1, 12, 3, 4735},
    {7, 4, 4, 3, 4747},
    {13, 11, 11, 4, 4751},
    {10, 7, 14, 3, 4773},
    {15, 13, 12, 3, 4787},
    {12, 10, 12, 3, 4811},
    {4, 1, 4, 3, 4835},
    {6, 4, 14, 3, 4839},
    {6, 4, 14, 3, 4853},
    {8, 7, 8, 3, 4867},
    {13, 9, 9, 6, 4875},
    {5, 2, 4, 13, 4893},
    {6, 4, 1, 10, 4897},
    {5, 1, 2, 13, 4898},
    {5, 5, 13, 3, 4900},
    {10, 8, 12, 3, 4913},
    {10, 7, 12, 3, 4925},
    {10, 7, 12, 3, 4937},
    {10, 8, 12, 3, 4949},
    {10, 9, 12, 3, 4961},
    {10, 8, 12, 3, 4985},
    {10, 8, 12, 3, 4997},
    {10, 8, 12, 3, 5009},
    {10, 8, 12, 3, 5021},
    {10, 8, 12, 3, 5033},
    {5, 1, 8, 7, 5045},
    {5, 2, 10, 7, 5053},
    {13, 10, 9, 6, 5063},
    {13, 10, 4, 8, 5081},
    {13, 10, 9, 6, 5089},
    {9, 6, 12, 3, 5107},
    {16, 14, 14, 3, 5119},
    {11, 11, 12, 3, 5147},
    {11, 9, 12, 3, 5171},
    {11, 9, 12, 3, 5195},
    {12, 10, 12, 3, 5219},
    {10, 8, 12, 3, 5243},
    {9, 7, 12, 3, 5255},
    {12, 10, 12, 3, 5267},
    {12, 10, 12, 3, 5291},
    {5, 1, 12, 3, 5315},
    {5, 3, 15, 3, 5327},
    {11, 8, 12, 3, 5342},
    {9, 7, 12, 3, 5354},
    {14, 11, 12, 3, 5366},
    {12, 10, 12, 3, 5390},
    {13, 11, 12, 3, 5414},
    {10, 8, 12, 3, 5438},
    {13, 11, 14, 3, 5450},
    {11, 9, 12, 3, 5478},
    {10, 8, 12, 3, 5502},
    {10, 9, 12, 3, 5514},
    {12, 10, 12, 3, 5538},
    {11, 11, 12, 3, 5562},
    {16, 15, 12, 3, 5586},
    {11, 9, 12, 3, 5610},
    {10, 9, 12, 3, 5634},
    {11, 10, 12, 3, 5658},
    {6, 3, 14, 3, 5682},
    {5, 5, 13, 3, 5696},
    {6, 3, 14, 3, 5709},
    {13, 8, 4, 3, 5723},
    {8, 8, 1, 18, 5727},
    {8, 4, 3, 2, 5728},
    {10, 7, 9, 6, 5731},
    {10, 8, 12, 3, 5740},
    {9, 7, 9, 6, 5752},
    {10, 8, 12, 3, 5761},
    {10, 7, 9, 6, 5773},
    {6, 5, 12, 3, 5782},
    {10, 8, 12, 6, 5794},
    {10, 8, 12, 3, 5806},
    {4, 1, 12, 3, 5818},
    {4, 3, 15, 3, 5830},
    {9, 7, 12, 3, 5845},
    {4, 1, 12, 3, 5857},
    {16, 13, 9, 6, 5869},
    {10, 8, 9, 6, 5887},
    {10, 8, 9, 6, 5896},
    {10, 8, 12, 6, 5905},
    {10, 8, 12, 6, 5917},
    {7, 5, 9, 6, 5929},
    {8, 7, 9, 6, 5938},
    {6, 5, 11, 4, 5947},
    {10, 8, 9, 6, 5958},
    {9, 9, 9, 6, 5967},
    {13, 13, 9, 6, 5985},
    {9, 8, 9, 6, 6003},
    {9, 9, 12, 6, 6012},
    {8, 7, 9, 6, 6036},
    {10, 5, 15, 3, 6045},
    {5, 1, 16, 3, 6060},
    {10, 5, 15, 3, 6076},
    {13, 10, 2, 8, 6091},
};

inline constexpr Glyph kGlyphs18[kGlyphCount] = {
    {6, 0, 0, 0, 6095},
    {7, 2, 13, 4, 6095},
    {8, 6, 5, 4, 6108},
    {15, 12, 14, 3, 6113},
    {11, 9, 17, 3, 6141},
    {17, 15, 13, 4, 6175},
    {14, 12, 13, 4, 6201},
    {5, 2, 5, 4, 6227},
    {7, 4, 16, 3, 6232},
    {7, 4, 16, 3, 6248},
    {9, 7, 8, 4, 6264},
    {15, 12, 12, 5, 6272},
    {6, 3, 4, 15, 6296},
    {7, 5, 2, 11, 6300},
    {6, 2, 2, 15, 6302},
    {6, 6, 15, 4, 6304},
    {11, 9, 13, 4, 6319},
    {11, 8, 13, 4, 6345},
    {11, 8, 13, 4, 6358},
    {11, 9, 13, 4, 6371},
    {11, 10, 13, 4, 6397},
    {11, 8, 13, 4, 6423},
    {11, 9, 13, 4, 6436},
    {11, 8, 13, 4, 6462},
    {11, 9, 13, 4, 6475},
    {11, 9, 13, 4, 6501},
    {6, 2, 9, 8, 6527},
    {6, 3, 11, 8, 6536},
    {15, 11, 10, 7, 6547},
    {15, 11, 6, 8, 6567},
    {15, 11, 10, 7, 6579},
    {10, 7, 13, 4, 6599},
    {18, 16, 16, 4, 6612},
    {12, 12, 13, 4, 6644},
    {12, 9, 13, 4, 6670},
    {13, 11, 13, 4, 6696},
    {14, 11, 13, 4, 6722},
    {11, 8, 13, 4, 6748},
    {10, 8, 13, 4, 6761},
    {14, 11, 13, 4, 6774},
    {14, 10, 13, 4, 6800},
    {5, 2, 13, 4, 6826},
    {5, 5, 17, 4, 6839},
    {12, 10, 13, 4, 6856},
    {10, 8, 13, 4, 6882},
    {16, 12, 13, 4, 6895},
    {13, 10, 13, 4, 6921},
    {14, 12, 13, 4, 6947},
    {11, 8, 13, 4, 6973},
    {14, 12, 15, 4, 6986},
    {13, 10, 13, 4, 7016},
    {11, 9, 13, 4, 7042},
    {11, 12, 13, 4, 7068},
    {13, 10, 13, 4, 7094},
    {12, 12, 13, 4, 7120},
    {18, 17, 13, 4, 7146},
    {12, 11, 13, 4, 7185},
    {11, 12, 13, 4, 7211},
    {12, 11, 13, 4, 7237},
    {7, 4, 16, 3, 7263},
    {6, 6, 15, 4, 7279},
    {7, 4, 16, 3, 7294},
    {15, 11, 5, 4, 7310},
    {9, 9, 2, 19, 7320},
    {9, 4, 3, 3, 7324},
    {11, 8, 10, 7, 7327},
    {11, 9, 14, 3, 7337},
    {10, 8, 10, 7, 7365},
    {11, 9, 14, 3, 7375},
    {11, 10, 10, 7, 7403},
    {6, 7, 14, 3, 7423},
    {11, 9, 14, 7, 7437},
    {11, 8, 14, 3, 7465},
    {5, 2, 14, 3, 7479},
    {5, 4, 18, 3, 7493},
    {10, 8, 14, 3, 7511},
    {5, 2, 14, 3, 7525},
    {18, 14, 10, 7, 7539},
    {11, 8, 10, 7, 7559},
    {11, 10, 10, 7, 7569},
    {11, 9, 14, 7, 7589},
    {11, 9, 14, 7, 7617},
    {7, 6, 10, 7, 7645},
    {9, 7, 10, 7, 7655},
    {7, 6, 13, 4, 7665},
    {11, 8, 10, 7, 7678},
    {11, 10, 10, 7, 7688},
    {15, 13, 10, 7, 7708},
    {11, 10, 10, 7, 7728},
    {11, 10, 14, 7, 7748},
    {9, 8, 10, 7, 7776},
    {11, 8, 17, 3, 7786},
    {6, 2, 18, 3, 7803},
    {11, 8, 17, 3, 7821},
    {15, 11, 3, 8, 7838},
};

inline constexpr Glyph kGlyphs20[kGlyphCount] = {
    {6, 0, 0, 0, 7844},
    {8, 2, 15, 4, 7844},
    {9, 6, 5, 4, 7859},
    {17, 14, 15, 4, 7864},
    {13, 9, 18, 4, 7894},
    {19, 17, 15, 4, 7930},
    {16, 14, 15, 4, 7975},
    {6, 2, 5, 4, 8005},
    {8, 4, 18, 4, 8010},
    {8, 4, 18, 4, 8028},
    {10, 9, 10, 4, 8046},
    {17, 12, 12, 7, 8066},
    {6, 3, 5, 17, 8090},
    {7, 5, 2, 12, 8095},
    {6, 2, 2, 17, 8097},
    {7, 7, 16, 4, 8099},
    {13, 10, 15, 4, 8115},
    {13, 9, 15, 4, 8145},
    {13, 9, 15, 4, 8175},
    {13, 10, 15, 4, 8205},
    {13, 11, 15, 4, 8235},
    {13, 9, 15, 4, 8265},
    {13, 10, 15, 4, 8295},
    {13, 10, 15, 4, 8325},
    {13, 10, 15, 4, 8355},
    {13, 10, 15, 4, 8385},
    {7, 2, 10, 9, 8415},
    {7, 3, 13, 9, 8425},
    {17, 13, 11, 7, 8438},
    {17, 13, 6, 10, 8460},
    {17, 13, 11, 7, 8472},
    {11, 8, 15, 4, 8494},
    {20, 18, 18, 4, 8509},
    {14, 13, 15, 4, 8563},
    {14, 10, 15, 4, 8593},
    {14, 12, 15, 4, 8623},
    {15, 12, 15, 4, 8653},
    {13, 9, 15, 4, 8683},
    {12, 8, 15, 4, 8713},
    {16, 13, 15, 4, 8728},
    {15, 11, 15, 4, 8758},
    {6, 2, 15, 4, 8788},
    {6, 5, 19, 4, 8803},
    {13, 11, 15, 4, 8822},
    {11, 9, 15, 4, 8852},
    {17, 13, 15, 4, 8882},
    {15, 11, 15, 4, 8912},
    {16, 14, 15, 4, 8942},
    {12, 9, 15, 4, 8972},
    {16, 14, 18, 4, 9002},
    {14, 11, 15, 4, 9038},
    {13, 10, 15, 4, 9068},
    {12, 12, 15, 4, 9098},
    {15, 11, 15, 4, 9128},
    {14, 13, 15, 4, 9158},
    {20, 18, 15, 4, 9188},
    {14, 12, 15, 4, 9233},
    {12, 12, 15, 4, 9263},
    {14, 12, 15, 4, 9293},
    {8, 4, 18, 4, 9323},
    {7, 7, 16, 4, 9341},
    {8, 4, 18, 4, 9357},
    {17, 11, 5, 4, 9375},
    {10, 10, 2, 22, 9385},
    {10, 5, 4, 3, 9389},
    {12, 9, 11, 8, 9393},
    {13, 10, 15, 4, 9415},
    {11, 9, 11, 8, 9445},
    {13, 10, 15, 4, 9467},
    {12, 10, 11, 8, 9497},
    {7, 7, 15, 4, 9519},
    {13, 10, 15, 8, 9534},
    {13, 9, 15, 4, 9564},
    {6, 2, 15, 4, 9594},
    {6, 4, 19, 4, 9609},
    {12, 9, 15, 4, 9628},
    {6, 2, 15, 4, 9658},
    {19, 16, 11, 8, 9673},
    {13, 9, 11, 8, 9695},
    {12, 10, 11, 8, 9717},
    {13, 10, 15, 8, 9739},
    {13, 10, 15, 8, 9769},
    {8, 6, 11, 8, 9799},
    {10, 8, 11, 8, 9810},
    {8, 7, 14, 5, 9821},
    {13, 9, 11, 8, 9835},
    {12, 11, 11, 8, 9857},
    {16, 15, 11, 8, 9879},
    {12, 11, 11, 8, 9901},
    {12, 11, 15, 8, 9923},
    {11, 9, 11, 8, 9953},
    {13, 8, 18, 4, 9975},
    {7, 2, 20, 4, 9993},
    {13, 8, 18, 4, 10013},
    {17, 13, 3, 10, 10031},
};

inline constexpr Glyph kGlyphs24[kGlyphCount] = {
    {8, 0, 0, 0, 10037},
    {10, 2, 18, 5, 10037},
    {11, 6, 7, 5, 10055},
    {20, 16, 18, 5, 10062},
    {15, 11, 22, 5, 10098},
    {23, 20, 18, 5, 10142},
    {19, 16, 18, 5, 10196},
    {7, 2, 7, 5, 10232},
    {9, 5, 21, 5, 10239},
    {9, 5, 21, 5, 10260},
    {12, 11, 10, 5, 10281},
    {20, 16, 16, 7, 10301},
    {8, 3, 6, 20, 10333},
    {9, 6, 2, 15, 10339},
    {8, 2, 3, 20, 10341},
    {8, 8, 20, 5, 10344},
    {15, 12, 18, 5, 10364},
    {15, 10, 18, 5, 10400},
    {15, 11, 18, 5, 10436},
    {15, 12, 18, 5, 10472},
    {15, 13, 18, 5, 10508},
    {15, 11, 18, 5, 10544},
    {15, 12, 18, 5, 10580},
    {15, 11, 18, 5, 10616},
    {15, 12, 18, 5, 10652},
    {15, 12, 18, 5, 10688},
    {8, 2, 12, 11, 10724},
    {8, 3, 15, 11, 10736},
    {20, 15, 13, 9, 10751},
    {20, 15, 7, 12, 10777},
    {20, 15, 13, 9, 10791},
    {13, 9, 18, 5, 10817},
    {24, 21, 21, 6, 10853},
    {16, 16, 18, 5, 10916},
    {16, 12, 18, 5, 10952},
    {17, 14, 18, 5, 10988},
    {18, 15, 18, 5, 11024},
    {15, 11, 18, 5, 11060},
    {14, 10, 18, 5, 11096},
    {19, 15, 18, 5, 11132},
    {18, 13, 18, 5, 11168},
    {7, 2, 18, 5, 11204},
    {7, 6, 23, 5, 11222},
    {16, 14, 18, 5, 11245},
    {13, 11, 18, 5, 11281},
    {21, 16, 18, 5, 11317},
    {18, 13, 18, 5, 11353},
    {19, 16, 18, 5, 11389},
    {14, 11, 18, 5, 11425},
    {19, 16, 21, 5, 11461},
    {17, 13, 18, 5, 11503},
    {15, 12, 18, 5, 11539},
    {15, 14, 18, 5, 11575},
    {18, 13, 18, 5, 11611},
    {16, 16, 18, 5, 11647},
    {24, 22, 18, 5, 11683},
    {16, 15, 18, 5, 11737},
    {15, 14, 18, 5, 11773},
    {16, 14, 18, 5, 11809},
    {9, 5, 21, 5, 11845},
    {8, 8, 20, 5, 11866},
    {9, 5, 21, 5, 11886},
    {20, 15, 7, 5, 11907},
    {12, 12, 2, 27, 11921},
    {12, 6, 4, 4, 11925},
    {15, 11, 13, 10, 11929},
    {15, 12, 18, 5, 11955},
    {13, 10, 13, 10, 11991},
    {15, 12, 18, 5, 12017},
    {15, 12, 13, 10, 12053},
    {8, 8, 18, 5, 12079},
    {15, 12, 18, 10, 12097},
    {15, 11, 18, 5, 12133},
    {7, 2, 18, 5, 12169},
    {7, 5, 23, 5, 12187},
    {14, 11, 18, 5, 12210},
    {7, 2, 18, 5, 12246},
    {23, 20, 13, 10, 12264},
    {15, 11, 13, 10, 12303},
    {15, 12, 13, 10, 12329},
    {15, 12, 18, 10, 12355},
    {15, 12, 18, 10, 12391},
    {10, 8, 13, 10, 12427},
    {13, 10, 13, 10, 12440},
    {9, 8, 17, 6, 12466},
    {15, 11, 13, 10, 12483},
    {14, 13, 13, 10, 12509},
    {20, 18, 13, 10, 12535},
    {14, 13, 13, 10, 12574},
    {14, 13, 18, 10, 12600},
    {13, 11, 13, 10, 12636},
    {15, 9, 22, 5, 12662},
    {8, 2, 24, 5, 12706},
    {15, 9, 22, 5, 12730},
    {20, 15, 4, 13, 12774},
};

inline constexpr Face kFaces[] = {
    {9, 9, 3, kGlyphs9},
    {10, 10, 3, kGlyphs10},
    {11, 11, 3, kGlyphs11},
    {12, 12, 3, kGlyphs12},
    {13, 13, 4, kGlyphs13},
    {14, 13, 4, kGlyphs14},
    {16, 15, 4, kGlyphs16},
    {18, 17, 5, kGlyphs18},
    {20, 19, 5, kGlyphs20},
    {24, 23, 6, kGlyphs24},
};
constexpr int kFaceCount = 10;

}   // namespace font
}   // namespace shim
